Date,Open,High,Low,Close,Adj Close,Volume
13/02/2015,158.779999,160.800003,158.639999,160.399994,128.815002,3706900
17/02/2015,159.75,161.410004,159.729996,160.960007,129.26474,2894500
18/02/2015,161.860001,162.470001,160.639999,162.190002,130.252563,4358400
19/02/2015,162.050003,164.490005,161.440002,163.889999,131.617767,3504400
20/02/2015,163.639999,164.339996,162.089996,163.649994,131.425018,3353000
23/02/2015,164.229996,164.399994,162.5,162.910004,130.83075,2714400
24/02/2015,162.490005,164.990005,161.509995,164.830002,132.372681,4701600
25/02/2015,164.940002,164.960007,162.580002,162.809998,130.750443,4004600
26/02/2015,163.740005,164.139999,159.770004,160.869995,129.192459,7110800
27/02/2015,160.869995,162.289993,160.160004,161.940002,130.051773,4410000
02/03/2015,161.940002,161.940002,159.809998,160.479996,128.879242,5917900
03/03/2015,160.270004,161.75,160,161.029999,129.320953,3234400
04/03/2015,160.539993,160.559998,158.720001,159.419998,128.027969,3633600
05/03/2015,159.860001,161.5,159.699997,161.179993,129.441391,3791700
06/03/2015,160.190002,161.440002,158.059998,158.5,127.289124,4540200
09/03/2015,158.199997,161.149994,158.199997,160.770004,129.112137,5193900
10/03/2015,159.600006,160.229996,157.809998,157.809998,126.735023,4601000
11/03/2015,158.570007,159.139999,155.940002,156.800003,125.923889,5709900
12/03/2015,156.270004,158.720001,156.270004,157.979996,126.871559,4567300
13/03/2015,157.460007,157.520004,153.399994,154.279999,123.900124,6064100
16/03/2015,155.050003,157.089996,154.800003,157.080002,126.14875,3749600
17/03/2015,156.199997,157.289993,155.369995,156.960007,126.052376,3311700
18/03/2015,156.850006,160.699997,155.800003,159.809998,128.341202,5738800
19/03/2015,159.699997,160.919998,158.809998,159.809998,128.341202,3878600
20/03/2015,160.949997,163,160.350006,162.880005,130.806686,9006400
23/03/2015,162.770004,165.350006,162.729996,164.630005,132.212097,5930100
24/03/2015,164.789993,164.889999,162.899994,163,130.903015,4346100
25/03/2015,163.080002,163.080002,159.199997,159.199997,127.851295,5428900
26/03/2015,159.270004,161.25,158.910004,160.589996,128.967529,4396000
27/03/2015,160.789993,160.899994,159.229996,160.399994,128.815002,3477900
30/03/2015,161.309998,163.600006,161.25,162.669998,130.638016,4138000
31/03/2015,161.080002,162.330002,160.399994,160.5,128.895309,4255400
01/04/2015,160.229996,160.619995,158.389999,159.179993,127.835228,3700800
02/04/2015,159.520004,162.539993,158.889999,160.449997,128.855179,4671600
06/04/2015,159.690002,162.800003,158.699997,162.039993,130.13208,3465700
07/04/2015,161.669998,163.839996,161.619995,162.070007,130.156174,3148000
08/04/2015,161.720001,163.550003,161.009995,161.850006,129.979523,2524300
09/04/2015,161.699997,162.470001,160.720001,162.339996,130.372986,2263500
10/04/2015,162.339996,163.330002,161.25,162.860001,130.790588,2515700
13/04/2015,162.369995,164,162.360001,162.380005,130.405136,3868900
14/04/2015,162.419998,162.740005,160.789993,162.300003,130.340881,2719300
15/04/2015,162.630005,164.960007,162.5,164.130005,131.810547,3498800
16/04/2015,163.309998,163.979996,162.539993,163.130005,131.007416,3136900
17/04/2015,161.75,161.860001,160.029999,160.669998,129.031784,4314400
20/04/2015,162.100006,166.639999,161.899994,166.160004,133.440796,9609200
21/04/2015,166.070007,167.380005,164.050003,164.259995,131.914948,9683600
22/04/2015,164.389999,166,162.889999,165.360001,132.798309,4024800
23/04/2015,165.229996,171.910004,165.139999,170.240005,136.717377,8235600
24/04/2015,170.229996,170.850006,168.740005,169.779999,136.347961,3888400
27/04/2015,170.889999,171.490005,170.300003,170.729996,137.11087,3168600
28/04/2015,170.830002,174.690002,170.020004,173.919998,139.67276,5816700
29/04/2015,173.399994,175.130005,172.800003,174.399994,140.058197,4518400
30/04/2015,173.770004,174.279999,170.300003,171.289993,137.560608,5062900
01/05/2015,173.199997,174,172.419998,173.669998,139.471954,3312100
04/05/2015,174.470001,176.300003,173.699997,173.970001,139.71286,4028000
05/05/2015,173.509995,174.229996,171.960007,173.080002,138.998123,3593600
06/05/2015,172.899994,174.050003,168.860001,170.050003,137.598297,3612600
07/05/2015,169.630005,171.979996,169.039993,170.990005,139.424789,2472000
08/05/2015,172.940002,173.330002,172.240005,172.679993,140.802795,3092600
11/05/2015,172.649994,172.990005,170.860001,171.119995,139.530731,2661000
12/05/2015,170.550003,171.490005,168.839996,170.550003,139.065979,2962400
13/05/2015,171.240005,172.740005,170.75,172.279999,140.476624,2457500
14/05/2015,173.5,174.399994,173.220001,174.050003,141.919891,2439100
15/05/2015,173.910004,174.410004,172.600006,173.259995,141.275711,2916600
18/05/2015,173.440002,173.490005,172.300003,173.059998,141.112625,1970600
19/05/2015,172.970001,173.75,171.929993,173.479996,141.455093,2523000
20/05/2015,173.330002,174.440002,172.460007,173.759995,141.683426,2300300
21/05/2015,173.320007,174.139999,173.039993,173.339996,141.340988,2295600
22/05/2015,173.039993,173.389999,172.190002,172.220001,140.427719,2849700
26/05/2015,172.110001,172.119995,169.130005,170.130005,138.723526,3854200
27/05/2015,171.160004,172.479996,170.490005,172,140.248337,2764400
28/05/2015,171.449997,171.839996,170.660004,171.710007,140.011887,1731400
29/05/2015,171.350006,171.350006,169.649994,169.649994,138.332123,4092000
01/06/2015,170.210007,171.039993,169.029999,170.179993,138.764297,2985500
02/06/2015,169.660004,170.449997,168.429993,169.649994,138.332123,2571400
03/06/2015,170.5,171.559998,169.630005,169.919998,138.552322,2131000
04/06/2015,169.529999,170.600006,167.929993,168.380005,137.2966,3079300
05/06/2015,168.25,168.910004,167.199997,167.399994,136.497482,3100500
08/06/2015,167.169998,167.279999,165.020004,165.339996,134.817764,3758700
09/06/2015,165.339996,166.020004,163.369995,165.679993,135.095016,3395900
10/06/2015,166.490005,169.389999,166.059998,168.919998,137.736908,4680500
11/06/2015,169.259995,170.440002,168.539993,168.779999,137.622711,3464000
12/06/2015,168.229996,168.300003,166.690002,166.990005,136.163147,3065100
15/06/2015,166.990005,166.990005,164.25,166.259995,135.567963,4245700
16/06/2015,166.330002,167.399994,165.910004,166.839996,136.040863,3249800
17/06/2015,167,167.850006,166.100006,167.169998,136.309967,2863000
18/06/2015,167.050003,168.720001,167.050003,168.25,137.190582,3330900
19/06/2015,167.619995,168.419998,166.770004,166.990005,136.163147,7074000
22/06/2015,167.649994,168.339996,167.199997,167.729996,136.766586,2335800
23/06/2015,168.380005,169.970001,167.570007,168.619995,137.492264,3701600
24/06/2015,168.710007,168.839996,166.830002,166.970001,136.146851,3548100
25/06/2015,167.800003,168.130005,166.080002,166.080002,135.421188,2408900
26/06/2015,166.229996,166.809998,165.229996,165.460007,134.915649,8946000
29/06/2015,163.919998,165.350006,162.889999,162.970001,132.885284,3314700
30/06/2015,163.990005,164,162.119995,162.660004,132.632507,3597300
01/07/2015,163.970001,165.610001,163.600006,164.490005,134.12471,3214500
02/07/2015,165.050003,165.320007,164.419998,165.089996,134.613922,2852700
06/07/2015,163.830002,165.229996,163.520004,164.729996,134.320374,3079800
07/07/2015,164.940002,165.350006,162.229996,165,134.540527,3549900
08/07/2015,164,164.940002,162.679993,163.160004,133.040222,2776300
09/07/2015,165.339996,165.509995,163.699997,163.850006,133.602829,4199700
10/07/2015,165.660004,167.399994,165.520004,166.949997,136.130569,4538300
13/07/2015,167.929993,169.889999,167.520004,169.380005,138.112,4229000
14/07/2015,169.429993,169.539993,168.240005,168.610001,137.484131,3025300
15/07/2015,168.479996,169.270004,168,168.529999,137.418915,1998000
16/07/2015,169.470001,171.089996,169.160004,171,139.432938,3529900
17/07/2015,170.330002,172.520004,170.100006,172.509995,140.664154,4356400
20/07/2015,172.789993,173.779999,172.139999,173.220001,141.243134,7377800
21/07/2015,164.339996,166.350006,162.020004,163.070007,132.966827,13752300
22/07/2015,162.729996,163.070007,159.699997,160.350006,130.748947,7181800
23/07/2015,160.270004,162.75,159.830002,161.729996,131.874161,5034200
24/07/2015,161.289993,161.929993,159.410004,159.75,130.25972,3778200
27/07/2015,159,160.179993,158.600006,159.070007,129.705231,3706200
28/07/2015,159.910004,160.190002,158.5,160.050003,130.504349,2721000
29/07/2015,160,161.5,159.389999,161.089996,131.352341,3378400
30/07/2015,160.5,161.399994,159.75,160.960007,131.246353,1994700
31/07/2015,161.399994,162.059998,160.630005,161.990005,132.086212,3580200
03/08/2015,161.699997,161.850006,157.899994,158.710007,129.411682,4615700
04/08/2015,158.399994,158.820007,156.869995,157.600006,128.506592,5260600
05/08/2015,159.100006,159.539993,157.479996,157.899994,128.751205,3472800
06/08/2015,157.130005,157.539993,156.179993,156.320007,128.521011,3004800
07/08/2015,155.889999,156.25,154.339996,155.119995,127.534416,3794900
10/08/2015,156.770004,157.470001,156.119995,156.75,128.874557,4613400
11/08/2015,155.960007,155.990005,154.860001,155.509995,127.855072,3167100
12/08/2015,154.259995,156.520004,153.949997,156.160004,128.38945,3560300
13/08/2015,156.059998,156.089996,154.320007,155.070007,127.493324,2533400
14/08/2015,155,156.210007,154.580002,155.75,128.052399,3226400
17/08/2015,155.199997,156.690002,154.699997,156.309998,128.512802,2249600
18/08/2015,155.509995,156.520004,155.25,156.009995,128.266159,2018300
19/08/2015,155.149994,155.669998,153.410004,153.940002,126.564262,4206400
20/08/2015,152.740005,153.910004,152.5,152.660004,125.511902,4011500
21/08/2015,151.5,153.190002,148.699997,148.850006,122.379456,7362100
24/08/2015,143.470001,147.759995,143,143.470001,117.956184,10189700
25/08/2015,146.940002,147.110001,140.619995,140.960007,115.892578,7073200
26/08/2015,144.089996,146.979996,142.139999,146.699997,120.611786,6221800
27/08/2015,148.5,148.970001,145.660004,148.539993,122.124542,4976600
28/08/2015,147.75,148.199997,147.179993,147.979996,121.664154,4076300
31/08/2015,147.380005,148.399994,146.259995,147.889999,121.590149,4093100
01/09/2015,144.910004,144.979996,141.850006,142.679993,117.306671,5272000
02/09/2015,144.740005,145.080002,143.179993,145.050003,119.255211,4252000
03/09/2015,146.050003,148.029999,145.770004,146.779999,120.677513,3603500
04/09/2015,144.570007,145.399994,143.320007,143.699997,118.145271,4201100
08/09/2015,145.860001,147.339996,145.660004,147.229996,121.047531,3933300
09/09/2015,148.740005,149.039993,144.850006,145.050003,119.255211,3407800
10/09/2015,145.850006,147.160004,144.509995,146.199997,120.200706,3461700
11/09/2015,145.910004,147.5,145.669998,147.369995,121.162643,3115100
14/09/2015,147.369995,147.369995,145.410004,145.649994,119.748489,3226700
15/09/2015,146.600006,147.929993,145.759995,147.529999,121.294167,2717100
16/09/2015,147.839996,148.889999,147.539993,148.410004,122.0177,2799200
17/09/2015,148.100006,149.679993,147.300003,148.139999,121.795708,4003000
18/09/2015,146.050003,146.389999,143.979996,144.509995,118.811226,7975800
21/09/2015,145.389999,146.979996,144.919998,146.479996,120.430916,3825000
22/09/2015,144.619995,145.059998,143.770004,144.429993,118.745445,3564100
23/09/2015,144.210007,144.570007,142.75,143.660004,118.112381,2674200
24/09/2015,142.600006,145.070007,141.949997,144.410004,118.729027,3280300
25/09/2015,145.550003,146.270004,144.529999,145.419998,119.559387,3474400
28/09/2015,144.419998,145.380005,142.470001,142.520004,117.17511,4317300
29/09/2015,141.990005,142.660004,141.149994,142.470001,117.134033,4763500
30/09/2015,143.690002,145.710007,143.660004,144.970001,119.18943,3946200
01/10/2015,145.309998,145.669998,141.589996,143.589996,118.054878,3880900
02/10/2015,141.050003,144.589996,140.559998,144.580002,118.868813,3054400
05/10/2015,145.820007,149.889999,145.820007,149.039993,122.535622,5131800
06/10/2015,149.059998,150.149994,148.490005,148.779999,122.321892,3018100
07/10/2015,150.039993,150.729996,148.860001,150.089996,123.398911,2980800
08/10/2015,149.690002,153.020004,149.289993,152.279999,125.199486,4794400
09/10/2015,152.460007,153.149994,151.270004,152.389999,125.289917,3531100
12/10/2015,152.399994,152.580002,150.850006,151.139999,124.262184,3227600
13/10/2015,150.779999,150.779999,149.179993,149.619995,123.012482,3915700
14/10/2015,149.600006,150.649994,149.020004,150.009995,123.333138,3353000
15/10/2015,150.910004,151.240005,148.580002,150.089996,123.398911,3476200
16/10/2015,150.449997,151.199997,149.259995,150.389999,123.645569,3483700
19/10/2015,149.850006,149.970001,148.380005,149.220001,122.683647,7954700
20/10/2015,142.490005,142.880005,140.270004,140.639999,115.629456,16025600
21/10/2015,140.25,142.660004,139.300003,140.919998,115.859627,6990600
22/10/2015,141.740005,145.070007,141.619995,144.089996,118.465927,5583200
23/10/2015,144.610001,145.490005,143.699997,144.679993,118.951004,5370400
26/10/2015,144.75,145,143.210007,143.660004,118.112381,3489400
27/10/2015,143.509995,143.830002,137.330002,137.860001,113.343834,15008500
28/10/2015,137.919998,141.229996,137.5,140.830002,115.785652,8511400
29/10/2015,140.360001,140.820007,139.020004,140.550003,115.555466,3710400
30/10/2015,140.440002,141.330002,139.899994,140.080002,115.169029,3984000
02/11/2015,140.5,140.520004,139.570007,140.369995,115.40744,3822200
03/11/2015,140.020004,142.800003,139.899994,141.880005,116.648926,4349400
04/11/2015,142.550003,142.649994,141.300003,141.630005,116.443398,3516900
05/11/2015,141.610001,142.380005,139.630005,139.889999,115.012817,5096900
06/11/2015,138.600006,139.550003,137.869995,138.25,114.730659,4744900
09/11/2015,137.919998,138.080002,134.880005,135.309998,112.290825,8075600
10/11/2015,135.360001,135.740005,134.119995,135.470001,112.42363,4520800
11/11/2015,136.089996,136.199997,134.5,135.020004,112.050163,3164800
12/11/2015,134.699997,134.699997,133.009995,133.039993,110.407005,4701400
13/11/2015,132.949997,133,131.649994,131.75,109.336464,4613800
16/11/2015,131.789993,134.089996,131.789993,133.710007,110.963028,4190800
17/11/2015,134.220001,134.820007,133.309998,133.820007,111.054321,2815100
18/11/2015,134.789993,135.910004,134.259995,135.820007,112.714058,4149200
19/11/2015,136.210007,137.740005,136.009995,136.740005,113.477554,4753600
20/11/2015,137.369995,138.919998,137.25,138.5,114.938118,5176400
23/11/2015,138.529999,138.869995,137.119995,138.460007,114.904945,5137900
24/11/2015,137.649994,139.339996,137.309998,138.600006,115.021133,3407700
25/11/2015,138.369995,138.429993,137.380005,138,114.523201,3238200
27/11/2015,138,138.809998,137.210007,138.460007,114.904945,1415800
30/11/2015,138.610001,139.899994,138.520004,139.419998,115.701622,4545600
01/12/2015,139.580002,141.399994,139.580002,141.279999,117.245209,4195100
02/12/2015,140.929993,141.210007,139.5,139.699997,115.93399,3725400
03/12/2015,140.100006,140.729996,138.190002,138.919998,115.28669,5909600
04/12/2015,138.089996,141.020004,137.990005,140.429993,116.53978,4571600
07/12/2015,140.160004,140.410004,138.809998,139.550003,115.809517,3279400
08/12/2015,138.279999,139.059998,137.529999,138.050003,114.564728,3905200
09/12/2015,137.380005,139.839996,136.229996,136.610001,113.369667,4615000
10/12/2015,137.029999,137.850006,135.720001,136.779999,113.51075,4222300
11/12/2015,135.229996,135.440002,133.910004,134.570007,111.676727,5333800
14/12/2015,135.309998,136.139999,134.020004,135.929993,112.805359,5143800
15/12/2015,137.399994,138.970001,137.279999,137.789993,114.348923,4238500
16/12/2015,139.119995,139.649994,137.789993,139.289993,115.59375,4345500
17/12/2015,139.350006,139.5,136.309998,136.75,113.485855,4089500
18/12/2015,136.410004,136.960007,134.270004,134.899994,111.950584,10026100
21/12/2015,135.830002,135.830002,134.020004,135.5,112.448509,5617500
22/12/2015,135.880005,138.190002,135.649994,137.929993,114.465096,4263800
23/12/2015,138.300003,139.309998,138.110001,138.539993,114.971329,5164900
24/12/2015,138.429993,138.880005,138.110001,138.25,114.730659,1495200
28/12/2015,137.740005,138.039993,136.539993,137.610001,114.199539,3143400
29/12/2015,138.25,140.059998,138.199997,139.779999,116.000404,3943700
30/12/2015,139.580002,140.440002,139.220001,139.339996,115.635246,2989400
31/12/2015,139.070007,139.100006,137.570007,137.619995,114.207855,3462100
04/01/2016,135.600006,135.970001,134.240005,135.949997,112.82196,5229400
05/01/2016,136.759995,136.889999,134.850006,135.850006,112.738976,3924800
06/01/2016,134.380005,135.580002,133.619995,135.169998,112.174667,4310900
07/01/2016,133.699997,135.020004,132.429993,132.860001,110.257637,7025800
08/01/2016,133.179993,133.820007,131.320007,131.630005,109.236893,4762700
11/01/2016,131.809998,133.820007,131.759995,133.229996,110.564674,4974400
12/01/2016,133.649994,133.779999,131.130005,132.899994,110.290817,5078700
13/01/2016,133.5,134.279999,131.100006,131.169998,108.855125,4700100
14/01/2016,131.929993,133.789993,131.220001,132.910004,110.299133,5709600
15/01/2016,130.009995,130.880005,128.869995,130.029999,107.909058,9008500
19/01/2016,130.110001,132.100006,128.059998,128.110001,106.315704,9979600
20/01/2016,118.459999,123.989998,118,121.860001,101.128967,16157800
21/01/2016,121.300003,125.099998,120.580002,122.910004,102.000343,8851600
22/01/2016,124.669998,124.739998,121.769997,122.5,101.660103,9238400
25/01/2016,122.099998,124.230003,121.639999,122.080002,101.311531,5446000
26/01/2016,122.25,123.610001,122.239998,122.589996,101.734779,4617800
27/01/2016,122.730003,123.370003,120.650002,120.959999,100.38208,5026400
28/01/2016,121.260002,122.830002,121.010002,122.220001,101.427734,3942500
29/01/2016,123.279999,124.790001,122.959999,124.790001,103.560509,8248100
01/02/2016,124.400002,125.290001,123.709999,124.830002,103.593704,3574900
02/02/2016,123.669998,124.139999,122.639999,122.940002,102.025253,3287300
03/02/2016,123.989998,125.449997,122.290001,124.720001,103.502426,6223500
04/02/2016,125.080002,128.5,125,127.650002,105.93396,5266500
05/02/2016,127.220001,128.639999,125.849998,128.570007,106.697456,7177700
08/02/2016,126,127.510002,124.129997,126.980003,106.45433,7364000
09/02/2016,126.120003,126.93,123.769997,124.07,104.014717,5957200
10/02/2016,125,125.290001,119.839996,120.190002,100.761902,6469100
11/02/2016,118.779999,119.660004,116.900002,117.849998,98.80014,7307600
12/02/2016,119.260002,121.050003,118.349998,121.040001,101.474495,4936500
16/02/2016,121.830002,123.089996,121.339996,122.739998,102.899696,4061400
17/02/2016,123.709999,126.57,123.25,126.099998,105.716576,4821000
18/02/2016,130,134,129.75,132.449997,111.040123,9951600
19/02/2016,132.360001,133.649994,130.839996,133.080002,111.568291,5125300
22/02/2016,133.080002,134.309998,132.410004,133.770004,112.146767,4457400
23/02/2016,133.139999,133.410004,132.009995,132.399994,110.998215,3439700
24/02/2016,131.550003,133.490005,129.679993,132.800003,111.333549,4122600
25/02/2016,133.289993,134.509995,130.880005,134.5,112.758766,4358300
26/02/2016,134.509995,134.919998,131.949997,132.029999,110.688011,4386200
29/02/2016,132,133.360001,130.899994,131.029999,109.849663,4428000
01/03/2016,132.240005,134.639999,132.029999,134.369995,112.649765,3788500
02/03/2016,133.699997,137.440002,133.220001,136.300003,114.267784,5217200
03/03/2016,137.220001,137.960007,136.070007,137.800003,115.525299,5156400
04/03/2016,137.539993,139.419998,137.020004,137.800003,115.525299,3968400
07/03/2016,137.279999,140.509995,136.869995,140.149994,117.495453,5171000
08/03/2016,139.710007,140.350006,137.419998,139.070007,116.590034,5579100
09/03/2016,139.309998,142.169998,139.229996,140.410004,117.713432,4406500
10/03/2016,141.240005,141.470001,138.089996,140.190002,117.529007,4020600
11/03/2016,141.729996,142.919998,140.509995,142.360001,119.348236,4421900
14/03/2016,142.009995,143.190002,141.039993,142.779999,119.700317,4048800
15/03/2016,141.740005,143.330002,141.539993,142.960007,119.851234,3707500
16/03/2016,142.619995,144.880005,142.110001,144.789993,121.385437,4221900
17/03/2016,144.779999,147.320007,144.449997,147.039993,123.271729,5821600
18/03/2016,147.399994,147.509995,145.509995,147.089996,123.31366,12089700
21/03/2016,147.300003,148.710007,146.720001,148.630005,124.604721,3721600
22/03/2016,148.059998,149.279999,147.839996,148.100006,124.160385,4081900
23/03/2016,148,148.029999,145.130005,145.399994,121.896828,4764200
24/03/2016,144.979996,148.220001,144.490005,147.949997,124.03463,5044500
28/03/2016,147.75,148.649994,147.229996,148.399994,124.41188,3265100
29/03/2016,147.589996,149.759995,147.5,149.330002,125.191566,3138500
30/03/2016,149.949997,150.410004,148.320007,148.410004,124.42028,3331200
31/03/2016,149.789993,153.100006,149.360001,151.449997,126.96891,6780600
01/04/2016,150.509995,152.960007,150.25,152.520004,127.865921,3925500
04/04/2016,152.339996,153.520004,151.910004,152.070007,127.488625,3931200
05/04/2016,151.429993,151.600006,149.649994,150,125.753227,3337000
06/04/2016,149.899994,150.149994,147.809998,150.020004,125.770035,4194600
07/04/2016,149.070007,149.600006,148,148.25,124.286148,3663000
08/04/2016,149.059998,149.990005,148.119995,149.350006,125.208344,3293800
11/04/2016,150.259995,151.949997,149.220001,149.25,125.124481,3846100
12/04/2016,149.610001,150.110001,148.580002,149.630005,125.443062,3595800
13/04/2016,150.75,151.229996,149.630005,151.229996,126.784416,3168400
14/04/2016,151.5,152.759995,150.380005,151.160004,126.725769,3176500
15/04/2016,151.039993,152.100006,150.960007,151.720001,127.195236,3657600
18/04/2016,151.720001,153.139999,151.490005,152.529999,127.874298,6581700
19/04/2016,146.470001,146.949997,142.610001,144,120.723152,13190200
20/04/2016,144.240005,147.199997,144,146.110001,122.492073,6754300
21/04/2016,146.580002,150.119995,146.460007,149.300003,125.16642,6017700
22/04/2016,149.440002,151,147.5,148.5,124.495728,5191900
25/04/2016,148.160004,148.899994,147.110001,148.809998,124.755646,2848900
26/04/2016,148.649994,149.789993,147.899994,149.080002,124.981979,2979800
27/04/2016,149.350006,150.779999,148.970001,150.470001,126.147301,3111200
28/04/2016,149.75,150.179993,146.729996,147.070007,123.29689,3791500
29/04/2016,146.490005,147.339996,144.190002,145.940002,122.349533,4225800
02/05/2016,146.559998,147,144.429993,145.270004,121.787842,3502400
03/05/2016,144.649994,144.899994,142.899994,144.130005,120.832108,3584300
04/05/2016,143.360001,145,143.309998,144.25,120.932724,2577100
05/05/2016,145.949997,147.300003,145.449997,146.470001,122.793861,6501200
06/05/2016,144.860001,147.970001,144.470001,147.289993,124.672943,4895800
09/05/2016,147.699997,148.199997,147.009995,147.339996,125.912109,4302400
10/05/2016,148.240005,150.039993,147.740005,149.970001,128.159622,3992700
11/05/2016,149.710007,151.089996,148.740005,148.949997,127.287926,3093000
12/05/2016,149.210007,149.389999,147.110001,148.839996,127.193962,3249200
13/05/2016,148.789993,149.860001,147.419998,147.720001,126.236801,2398000
16/05/2016,147.649994,149.990005,147.440002,149.460007,127.72377,3069100
17/05/2016,149.210007,149.5,147.289993,148,126.476105,3490600
18/05/2016,147.990005,148.520004,146.360001,147.339996,125.912109,2491100
19/05/2016,146.479996,146.929993,143.960007,144.929993,123.852585,3685600
20/05/2016,145.710007,147.509995,145.550003,147.25,125.83519,3671500
23/05/2016,147.610001,147.949997,146.660004,146.770004,125.424973,2103800
24/05/2016,146.880005,148.75,146.880005,148.309998,126.741035,2929300
25/05/2016,148.929993,152.089996,148.5,151.690002,129.62944,4355300
26/05/2016,151.550003,152.509995,151.050003,152.440002,130.270401,3062900
27/05/2016,152.350006,152.929993,152.149994,152.839996,130.612213,2457100
31/05/2016,152.559998,153.809998,152.270004,153.740005,131.381332,5836600
01/06/2016,153,153.270004,151.539993,152.509995,130.330231,2663400
02/06/2016,152.589996,153.5,152.119995,153.5,131.176208,2642600
03/06/2016,152.399994,153.039993,151.699997,152.889999,130.654968,2328300
06/06/2016,153.089996,153.949997,152.339996,152.729996,130.518234,2378700
07/06/2016,153.309998,153.929993,152.660004,153.330002,131.03096,4465000
08/06/2016,153.529999,154.089996,153.039993,154,131.6035,2935000
09/06/2016,152.919998,153.759995,152.729996,153.419998,131.107849,2021800
10/06/2016,152.789993,153.330002,151.860001,152.369995,130.210571,3120600
13/06/2016,151.630005,152.5,150.279999,151.279999,129.279083,3610400
14/06/2016,151.279999,151.789993,150.399994,151.059998,129.09108,2865800
15/06/2016,151.460007,151.789993,150.600006,150.679993,128.766357,2260400
16/06/2016,150.190002,151.289993,149,151.059998,129.09108,2449100
17/06/2016,150.960007,152.720001,150.600006,151.990005,129.885834,4663900
20/06/2016,152.600006,154.669998,152.520004,153.610001,131.270233,3572100
21/06/2016,154.160004,154.570007,153.690002,154.050003,131.646255,2760300
22/06/2016,153.75,154.710007,152.270004,152.919998,130.680603,2833700
23/06/2016,153.449997,155.479996,152.600006,155.350006,132.757172,3969400
24/06/2016,149.970001,150.610001,146.179993,146.589996,125.271172,9082800
27/06/2016,146.179993,146.600006,142.5,143.5,122.630562,5017900
28/06/2016,144.779999,145.729996,144.220001,145.699997,124.51059,3997700
29/06/2016,146.5,148.479996,146.449997,148.460007,126.869186,3367700
30/06/2016,148.860001,151.910004,148.669998,151.779999,129.70636,3967100
01/07/2016,151.779999,152.970001,151.399994,152.350006,130.193481,2658300
05/07/2016,151.190002,152,150.759995,151.679993,129.620926,2465200
06/07/2016,151.850006,152.410004,149.919998,152.369995,130.210571,2569400
07/07/2016,152.75,153.690002,151.889999,152.600006,130.40712,2138400
08/07/2016,154,154.600006,153.080002,154.460007,131.996628,3040600
11/07/2016,154.600006,156.039993,154.5,155.330002,132.740112,2833700
12/07/2016,156,157.119995,155.520004,157.039993,134.201401,3843800
13/07/2016,157.75,158.339996,157.059998,158.020004,135.038895,2746400
14/07/2016,158.809998,161.399994,158.580002,160.279999,136.9702,4637600
15/07/2016,159.899994,159.979996,158.5,159.779999,136.542938,4476800
18/07/2016,159.300003,160.75,158.729996,159.860001,136.611282,6729700
19/07/2016,161.779999,162.139999,157.889999,159.580002,136.372009,7120000
20/07/2016,159.970001,161.710007,159.600006,161.360001,137.893158,4376300
21/07/2016,160.75,161.850006,159.889999,160.449997,137.115494,3518900
22/07/2016,160.779999,162.169998,160.479996,162.070007,138.499863,2520100
25/07/2016,162,162.880005,161.75,162.649994,138.995529,2804600
26/07/2016,162.649994,163.600006,161.369995,162.119995,138.542603,2894600
27/07/2016,162.119995,162.570007,161.179993,161.830002,138.2948,2162700
28/07/2016,161.380005,161.809998,160.710007,161.369995,137.901688,2340400
29/07/2016,161.360001,161.669998,160.029999,160.619995,137.260757,3547500
01/08/2016,160.649994,161.649994,159.839996,161.449997,137.970062,2823600
02/08/2016,161.270004,161.449997,160.360001,160.580002,137.226578,3080900
03/08/2016,160.130005,160.860001,159.800003,160.669998,137.303467,2861700
04/08/2016,160.860001,161.699997,160.119995,161.550003,138.055496,2489100
05/08/2016,162,163.509995,161.570007,163.5,139.721924,3812400
08/08/2016,162.729996,163.270004,161.580002,162.039993,139.670197,3039300
09/08/2016,162.220001,162.770004,161.649994,161.770004,139.437485,2737500
10/08/2016,162.190002,162.660004,161.960007,162.080002,139.704666,2466700
11/08/2016,162.25,164.949997,162.179993,163.529999,140.954514,8768600
12/08/2016,163.190002,163.460007,161.520004,161.949997,139.592621,2543100
15/08/2016,162.399994,162.970001,161.779999,161.880005,139.532288,2970400
16/08/2016,161.110001,161.929993,160.690002,160.699997,138.515182,2210200
17/08/2016,160.970001,161.160004,159.839996,160.440002,138.291077,3225900
18/08/2016,160.889999,162,160.440002,161.360001,139.084106,3652000
19/08/2016,160.839996,160.910004,159.520004,160.039993,137.946289,2815200
22/08/2016,160,160.570007,159.130005,160,137.911835,2039300
23/08/2016,160.330002,161.339996,160.229996,160.259995,138.135941,2838100
24/08/2016,159.889999,160.179993,158.320007,159.050003,137.092987,3645800
25/08/2016,159,159.539993,158.419998,158.630005,136.730957,2575000
26/08/2016,158.880005,160.440002,157.850006,158.320007,136.46376,2498900
29/08/2016,158.830002,160.210007,158.5,159.720001,137.670471,2475900
30/08/2016,159.759995,160.149994,158.809998,159.399994,137.394653,1813300
31/08/2016,159.660004,159.660004,158.259995,158.880005,136.946426,2323600
01/09/2016,158.320007,159.619995,158.100006,159.539993,137.51535,2358400
02/09/2016,159.880005,160.570007,159.149994,159.550003,137.523956,2315400
06/09/2016,159.880005,160.860001,159.110001,160.350006,138.213501,2994100
07/09/2016,160.190002,161.759995,160,161.639999,139.325439,2867300
08/09/2016,160.550003,161.210007,158.759995,159,137.049866,3963200
09/09/2016,158.029999,158.399994,155.649994,155.690002,134.196838,5186000
12/09/2016,155.259995,158.529999,154.839996,158.289993,136.437881,4367500
13/09/2016,157.630005,157.929993,155.5,155.809998,134.300262,3636700
14/09/2016,155.699997,155.869995,153.389999,154.050003,132.783234,3860600
15/09/2016,154.300003,156.330002,153.210007,155.660004,134.17099,3645600
16/09/2016,155.039993,155.399994,153.470001,153.839996,132.602234,6463600
19/09/2016,154.869995,156.190002,154.550003,154.869995,133.490051,2450100
20/09/2016,155.869995,156.570007,154.449997,154.449997,133.127991,2159100
21/09/2016,154.910004,155.679993,153.869995,155.529999,134.058929,2473900
22/09/2016,156.149994,157.220001,155.690002,156.110001,134.558838,2691100
23/09/2016,155.619995,156.039993,154.710007,154.979996,133.584854,2702200
26/09/2016,154.460007,154.460007,153.460007,153.979996,132.7229,2533300
27/09/2016,154.320007,156.770004,153.809998,156.770004,135.127747,2987200
28/09/2016,156.990005,158.630005,156.229996,158.289993,136.437881,3310000
29/09/2016,158.630005,165,157.460007,158.110001,136.282761,3374800
30/09/2016,158.899994,159.839996,158.059998,158.850006,136.920609,3596900
03/10/2016,158.059998,158.369995,157.020004,157.610001,135.851791,2227800
04/10/2016,157.669998,158.529999,155.820007,156.460007,134.86055,2884100
05/10/2016,157.070007,157.830002,156.720001,157.080002,135.394943,1684500
06/10/2016,156.839996,157.429993,155.889999,156.880005,135.222565,1950100
07/10/2016,157.139999,157.699997,154.860001,155.669998,134.179596,2671900
10/10/2016,156.710007,158.490005,156.660004,157.020004,135.343201,2481300
11/10/2016,156.729996,156.949997,153.889999,154.789993,133.421082,2901300
12/10/2016,154.970001,154.970001,153.080002,154.289993,132.990097,2964000
13/10/2016,153.699997,154.220001,152.270004,153.720001,132.498764,2909900
14/10/2016,154.470001,155.529999,154.089996,154.449997,133.127991,4358200
17/10/2016,154.449997,155.889999,154.339996,154.770004,133.403839,5890400
18/10/2016,150.020004,151,147.789993,150.720001,129.912933,12770600
19/10/2016,151.270004,152.449997,150.830002,151.259995,130.378387,4632900
20/10/2016,151.279999,152.899994,151.020004,151.520004,130.602493,4023100
21/10/2016,150.580002,151.149994,149.559998,149.630005,128.973404,4414200
24/10/2016,150.399994,151.520004,150.399994,150.570007,129.783646,2666700
25/10/2016,150.570007,151.160004,149.830002,150.880005,130.050858,2647500
26/10/2016,150.710007,152.940002,150.259995,151.809998,130.852478,2811700
27/10/2016,152.820007,154.059998,152.020004,153.350006,132.179886,4229300
28/10/2016,154.050003,154.440002,152.179993,152.610001,131.542038,3654500
31/10/2016,152.759995,154.330002,152.759995,153.690002,132.472931,3553200
01/11/2016,153.5,153.910004,151.740005,152.789993,131.697159,3191900
02/11/2016,152.479996,153.350006,151.669998,151.949997,130.973129,3074400
03/11/2016,152.509995,153.740005,151.800003,152.369995,131.335144,2878800
04/11/2016,152.399994,153.639999,151.869995,152.429993,131.386871,2470400
07/11/2016,153.990005,156.110001,153.839996,155.720001,134.222687,3804900
08/11/2016,154.559998,155.929993,153.059998,155.169998,134.96199,3921900
09/11/2016,152.960007,155.559998,151,154.809998,134.648849,5403700
10/11/2016,157.660004,161.160004,157.589996,160.220001,139.354294,7715800
11/11/2016,159.970001,161.339996,159.330002,161.270004,140.267609,4446600
14/11/2016,161.25,161.860001,157.580002,158.210007,137.606094,5196500
15/11/2016,158.419998,159.149994,157.550003,158.669998,138.006165,3477000
16/11/2016,158.460007,159.550003,158.029999,159.289993,138.545395,2252800
17/11/2016,159.220001,159.929993,158.850006,159.800003,138.989029,2261200
18/11/2016,159.800003,160.720001,159.210007,160.389999,139.502197,2981600
21/11/2016,160.690002,163,160.369995,162.770004,141.57222,4637100
22/11/2016,163,163,161.949997,162.669998,141.485275,2770800
23/11/2016,161.940002,162.380005,161.360001,161.979996,140.885117,2252700
25/11/2016,161.830002,163.190002,161.830002,163.139999,141.894058,1605300
28/11/2016,163.199997,164.660004,162.699997,164.520004,143.094299,4449400
29/11/2016,164,164.410004,163.029999,163.529999,142.233246,3148200
30/11/2016,163.350006,163.800003,162.210007,162.220001,141.093872,4397800
01/12/2016,161.949997,162.199997,158.300003,159.820007,139.006393,4635700
02/12/2016,159,160.289993,158.410004,160.020004,139.180374,2740900
05/12/2016,160.850006,161.149994,159.589996,159.839996,139.023834,3447100
06/12/2016,160.130005,160.789993,158.929993,160.350006,139.467377,2859000
07/12/2016,160.600006,165.179993,160.389999,164.789993,143.329163,4435100
08/12/2016,164.869995,166,164.220001,165.360001,143.824905,3266400
09/12/2016,165.179993,166.720001,164.600006,166.520004,144.833878,3146900
12/12/2016,166.720001,166.789993,165.070007,165.5,143.946686,3392300
13/12/2016,165.679993,169.949997,165.679993,168.289993,146.373352,5932300
14/12/2016,168.369995,169.889999,167.449997,168.509995,146.564713,4124200
15/12/2016,168.009995,169.850006,167.779999,168.020004,146.138504,3388600
16/12/2016,168.970001,169.110001,166.059998,166.729996,145.016525,7120600
19/12/2016,166.830002,167.259995,166,166.679993,144.972992,2955900
20/12/2016,167.490005,168.25,166.449997,167.600006,145.773224,2174600
21/12/2016,166.25,167.940002,165.25,167.330002,145.538345,3575700
22/12/2016,167.360001,168.229996,166.580002,167.059998,145.303513,2802600
23/12/2016,167,167.490005,166.449997,166.710007,144.99913,1701200
27/12/2016,166.979996,167.979996,166.850006,167.139999,145.373108,1397500
28/12/2016,167.289993,167.740005,166,166.190002,144.546829,1757500
29/12/2016,166.020004,166.990005,166,166.600006,144.903442,1663500
30/12/2016,166.440002,166.699997,165.5,165.990005,144.372894,2952800
03/01/2017,167,167.869995,166.009995,167.190002,145.416626,2934300
04/01/2017,167.770004,169.869995,167.360001,169.259995,147.217041,3381400
05/01/2017,169.25,169.389999,167.259995,168.699997,146.72995,2682300
06/01/2017,168.690002,169.919998,167.520004,169.529999,147.451843,2945500
09/01/2017,169.470001,169.800003,167.619995,167.649994,145.816681,3189900
10/01/2017,167.979996,168.089996,165.339996,165.520004,143.964111,4118700
11/01/2017,166.050003,167.759995,165.600006,167.75,145.903641,3599500
12/01/2017,167.770004,168.009995,165.559998,167.949997,146.077637,2927500
13/01/2017,167.970001,168.479996,166.880005,167.339996,145.547073,2875400
17/01/2017,166.690002,168.179993,166.119995,167.889999,146.025436,3315700
18/01/2017,167.449997,168.589996,166.690002,166.800003,145.077377,4007800
19/01/2017,166.960007,167.449997,165.800003,166.809998,145.08609,6963400
20/01/2017,167.809998,170.639999,166,170.550003,148.33902,12690000
23/01/2017,170.080002,171.25,170.009995,171.029999,148.756531,5478200
24/01/2017,171.360001,176,171.160004,175.899994,152.992279,6952400
25/01/2017,176.259995,179.25,176.130005,178.289993,155.071014,5922500
26/01/2017,178.059998,178.880005,177.509995,178.660004,155.392838,3063900
27/01/2017,178.470001,179.199997,177.300003,177.300003,154.209946,3482300
30/01/2017,176.979996,177.070007,174.580002,175.800003,152.905334,4094800
31/01/2017,175.050003,175.580002,173.610001,174.520004,151.792007,4139000
01/02/2017,175,175.699997,172.889999,174.289993,151.591949,2795700
02/02/2017,174.229996,174.970001,173.550003,174.580002,151.844223,2620500
03/02/2017,175,176.339996,174.889999,175.820007,152.922729,3309300
06/02/2017,175.309998,175.979996,174.380005,175.860001,152.957474,2650800
07/02/2017,176,178.619995,175.899994,178.460007,155.218918,3873500
08/02/2017,177.5,177.5,175.880005,176.169998,154.43869,2913100
09/02/2017,176.169998,177.800003,175.910004,177.210007,155.350418,3090700
10/02/2017,177.369995,178.869995,176.759995,178.679993,156.639053,2930700
13/02/2017,179.240005,179.899994,178.839996,179.360001,157.235184,3093400
14/02/2017,178.570007,180.130005,178.350006,180.130005,157.910202,2776500
15/02/2017,180.199997,181.919998,179.809998,181.679993,159.268982,2914300
16/02/2017,181.449997,182.789993,180.869995,181.429993,159.049805,3251500
17/02/2017,181.25,181.570007,180,180.669998,158.383591,3552500
21/02/2017,180.600006,180.789993,179.119995,180.259995,158.024185,4480300
22/02/2017,180.089996,181.339996,180.089996,181.149994,158.804352,3020500
23/02/2017,182,182.5,180.919998,181.649994,159.242722,2282500
24/02/2017,180.210007,181.490005,179.889999,181.350006,158.979706,3300100
27/02/2017,181.190002,181.25,179.279999,179.399994,157.270218,3691300
28/02/2017,179.380005,180.630005,179.350006,179.820007,157.638458,3273400
01/03/2017,180.479996,182.550003,180.029999,181.949997,159.505722,3005600
02/03/2017,181.880005,181.880005,180.429993,180.529999,158.260849,2918200
03/03/2017,180.529999,181.320007,179.759995,180.050003,157.840073,1822000
06/03/2017,179.720001,180.990005,179.570007,180.470001,158.208282,3204400
07/03/2017,180.710007,181.289993,180.199997,180.380005,158.129349,2980500
08/03/2017,180.75,180.949997,179.300003,179.449997,157.314056,3557400
09/03/2017,179.149994,179.25,175.880005,177.179993,155.324081,5444100
10/03/2017,178.210007,179.490005,177.419998,177.830002,155.893921,3100300
13/03/2017,177.850006,178.059998,176.419998,176.460007,154.692902,3482200
14/03/2017,176.179993,176.820007,175.210007,175.720001,154.044174,3147500
15/03/2017,175.710007,176.279999,174.75,175.809998,154.123093,3815500
16/03/2017,178.460007,179,176.820007,177.240005,155.376663,4311800
17/03/2017,176.289993,176.789993,175.649994,175.649994,153.982819,5921000
20/03/2017,175.649994,176.179993,175.139999,175.699997,154.026657,2476100
21/03/2017,176.009995,176.229996,173.839996,173.880005,152.431183,3927700
22/03/2017,174.039993,175.059998,172.800003,174.779999,153.220154,3450500
23/03/2017,174.429993,175.669998,173.559998,174.820007,153.255249,3740000
24/03/2017,175.119995,175.5,173.389999,173.830002,152.387329,3221700
27/03/2017,172.690002,174.160004,172.089996,173.770004,152.334747,3259000
28/03/2017,173.940002,175,173,174.509995,152.983444,3523900
29/03/2017,174.300003,174.490005,173.460007,173.940002,152.483765,3085600
30/03/2017,173.860001,174.589996,173.690002,173.860001,152.413635,3168300
31/03/2017,173.979996,174.949997,173.690002,174.139999,152.659073,2913700
03/04/2017,173.820007,174.869995,173.380005,174.5,152.97467,4286500
04/04/2017,173.520004,174.960007,173.259995,174.520004,152.992218,3108900
05/04/2017,174.699997,176.330002,172.809998,172.880005,151.55452,6238900
06/04/2017,173.470001,173.470001,172.25,172.449997,151.177551,3435400
07/04/2017,172.080002,172.929993,171.279999,172.139999,150.905792,3588300
10/04/2017,172.529999,172.559998,171,171.199997,150.081741,3789900
11/04/2017,170.649994,171.229996,168.979996,170.580002,149.538223,4891900
12/04/2017,171.039993,171.199997,170.020004,170.660004,149.608353,3276900
13/04/2017,169.919998,171.360001,169.529999,169.529999,148.617737,3205500
17/04/2017,169.75,171.300003,169.619995,171.100006,149.99408,3720200
18/04/2017,170.789993,171.690002,169.830002,170.050003,149.073624,6345500
19/04/2017,161.759995,162.639999,159.600006,161.690002,141.744843,19284300
20/04/2017,161.320007,162.399994,160.5,162.300003,142.279602,6486800
21/04/2017,162.050003,162.110001,160.380005,160.380005,140.596451,5607800
24/04/2017,161.289993,161.570007,160.419998,160.75,140.920792,5320600
25/04/2017,161.779999,162.039993,160.380005,160.389999,140.60524,4860400
26/04/2017,160.529999,161.100006,159.889999,160.059998,140.315903,4327800
27/04/2017,160.289993,160.479996,159.630005,160.320007,140.543839,4122600
28/04/2017,160.5,160.589996,159.699997,160.289993,140.517532,4154100
01/05/2017,160.050003,160.419998,158.699997,158.839996,139.246414,4935300
02/05/2017,159.440002,159.490005,158.639999,159.100006,139.47435,3208200
03/05/2017,158.740005,159.449997,158.520004,158.630005,139.062317,3993300
04/05/2017,158.889999,159.139999,158.360001,159.050003,139.430511,4280600
05/05/2017,153.520004,155.779999,153,155.050003,135.92392,12521300
08/05/2017,152.800003,153.470001,152.199997,153.029999,135.463608,7492000
09/05/2017,152.600006,153.100006,151.559998,152.110001,134.649216,6853000
10/05/2017,151.649994,152.369995,151.130005,151.25,133.887939,4999900
11/05/2017,151.050003,151.149994,149.789993,150.649994,133.356812,5627900
12/05/2017,150.300003,151.259995,150,150.369995,133.108948,3715300
15/05/2017,150.619995,151.830002,150.449997,151.509995,134.118103,4245500
16/05/2017,151.660004,153.990005,151.660004,153.679993,136.038986,5513700
17/05/2017,153.300003,154.139999,150.889999,150.929993,133.604675,5191500
18/05/2017,150.860001,151.330002,150.110001,150.779999,133.471909,3274200
19/05/2017,151.009995,152.460007,150.889999,151.979996,134.534149,5643000
22/05/2017,152.100006,152.839996,151.600006,152.639999,135.118362,3302100
23/05/2017,152.570007,153.679993,151.919998,152.029999,134.5784,2564500
24/05/2017,152.210007,152.759995,151.229996,152.509995,135.003311,3732400
25/05/2017,153.25,153.729996,152.949997,153.199997,135.614105,2582700
26/05/2017,152.850006,153,152.059998,152.490005,134.985596,2443300
30/05/2017,151.949997,152.669998,151.589996,151.729996,134.312805,3666000
31/05/2017,152.029999,152.800003,151.649994,152.630005,135.109558,3543400
01/06/2017,152.800003,152.869995,151.630005,152.669998,135.144943,2918100
02/06/2017,153.070007,153.199997,151.800003,152.050003,134.596115,3585700
05/06/2017,151.820007,152.929993,151.679993,152.410004,134.914795,3975100
06/06/2017,152,152.889999,152,152.369995,134.879364,3797200
07/06/2017,153.050003,154.199997,150.800003,150.979996,133.648941,4865700
08/06/2017,151,152.820007,150.919998,152.100006,134.64035,3709000
09/06/2017,152,154.259995,151.880005,154.100006,136.410797,4361500
12/06/2017,154.190002,157.199997,154.020004,155.179993,137.366806,6471500
13/06/2017,155.440002,155.479996,154.149994,154.25,136.543579,3523500
14/06/2017,153.970001,154.940002,152.940002,153.809998,136.154068,3049100
15/06/2017,153.289993,154.690002,153.289993,154.220001,136.517014,4654300
16/06/2017,154.229996,155.419998,152.970001,155.380005,137.543854,6742000
19/06/2017,155.509995,155.860001,154.539993,154.839996,137.065857,4629500
20/06/2017,154.479996,155.389999,154.25,154.949997,137.163223,4481700
21/06/2017,155.789993,155.789993,153.389999,153.789993,136.136368,3959700
22/06/2017,154.550003,154.990005,153.690002,154.399994,136.676346,2376500
23/06/2017,154.339996,154.679993,153.800003,154.110001,136.419647,3282200
26/06/2017,154.710007,155.75,154.630005,155.229996,137.411072,2153500
27/06/2017,155,155.339996,154.5,154.75,136.98616,2386500
28/06/2017,155.149994,155.550003,154.779999,155.320007,137.490753,2221000
29/06/2017,155.350006,155.740005,153.619995,154.130005,136.437363,3262200
30/06/2017,154.279999,154.5,153.139999,153.830002,136.171783,3571500
03/07/2017,153.580002,156.029999,153.520004,155.580002,137.720886,2822500
05/07/2017,155.770004,155.889999,153.630005,153.669998,136.030136,3564400
06/07/2017,153.360001,153.830002,152.229996,152.360001,134.87056,2757500
07/07/2017,152.619995,153.490005,152.139999,152.940002,135.383957,2460100
10/07/2017,152.910004,153.889999,152.630005,153.419998,135.808823,3206200
11/07/2017,153.259995,153.649994,152.050003,153.190002,135.605255,3447500
12/07/2017,153.479996,154.240005,153.050003,153.699997,136.056717,3097900
13/07/2017,153.699997,154.190002,153.190002,153.630005,135.994766,2476100
14/07/2017,154.009995,154.619995,153.399994,154.240005,136.534729,3256400
17/07/2017,153.589996,153.880005,152.240005,153.009995,135.445908,4762600
18/07/2017,152.360001,154.289993,152,154,136.322266,7566800
19/07/2017,150.020004,150.25,146.710007,147.529999,130.59494,14293600
20/07/2017,147.529999,148.830002,147.029999,147.660004,130.710037,7212200
21/07/2017,147.589996,147.869995,146.509995,147.080002,130.196609,6509500
24/07/2017,147,147.039993,145.800003,145.990005,129.231766,3877600
25/07/2017,146.570007,147.490005,146.029999,146.190002,129.408798,4208900
26/07/2017,146.270004,146.460007,144.470001,145.360001,128.674057,3932400
27/07/2017,145,145.399994,143.639999,145.070007,128.417389,6430800
28/07/2017,144.809998,145.039993,143.839996,144.289993,127.726868,3054800
31/07/2017,144.380005,144.929993,144.169998,144.669998,128.063263,4355700
01/08/2017,145,145.669998,144.720001,145.300003,128.620956,3219500
02/08/2017,145.119995,145.289993,144.220001,144.449997,127.868507,3540900
03/08/2017,144.429993,145.339996,144.429993,144.940002,128.302277,3035400
04/08/2017,145,145.389999,144.399994,145.160004,128.497025,2549400
07/08/2017,145,145.089996,142.75,143.470001,127.000999,4618300
08/08/2017,142,142.759995,142,142.110001,127.126259,3298700
09/08/2017,141.75,142.029999,141.190002,141.770004,126.822105,2925800
10/08/2017,141.639999,142.419998,141.229996,141.839996,126.884689,4525400
11/08/2017,142.449997,142.589996,141.520004,141.839996,126.884689,3004000
14/08/2017,142,142.759995,141.940002,142.320007,127.314125,2248600
15/08/2017,142.550003,143.339996,140.580002,142.070007,127.090492,4681500
16/08/2017,141.789993,142.910004,141.610001,142.5,127.475136,3287800
17/08/2017,142.520004,142.889999,140.699997,140.699997,125.864906,4422100
18/08/2017,140.869995,141.149994,139.580002,139.699997,124.970375,4152700
21/08/2017,139.589996,140.419998,139.130005,140.330002,125.533913,3190700
22/08/2017,140.639999,141.149994,140.380005,141.009995,126.14222,2544400
23/08/2017,140.699997,143.050003,140.679993,142.139999,127.153076,4048300
24/08/2017,142.5,143.679993,142.25,142.940002,127.868736,3592200
25/08/2017,143.300003,144.190002,143.25,143.740005,128.584381,2872900
28/08/2017,144.110001,144.559998,142.389999,142.509995,127.484077,5086000
29/08/2017,142.100006,143.429993,141.899994,143.139999,128.047653,3009500
30/08/2017,143.259995,143.279999,142.410004,142.559998,127.528824,2736000
31/08/2017,143.020004,143.660004,142.630005,143.029999,127.949249,3656400
01/09/2017,142.979996,144.5,142.979996,144.080002,128.888535,3351700
05/09/2017,143.5,144.360001,142.699997,143.039993,127.958206,3097500
06/09/2017,143.880005,144.470001,143.5,143.820007,128.65596,3273300
07/09/2017,144.100006,144.639999,142.410004,142.899994,127.832947,4188200
08/09/2017,143.149994,143.149994,141.639999,142.449997,127.43042,3366200
11/09/2017,143.539993,145.130005,143.009995,144.860001,129.586273,4613400
12/09/2017,145.110001,146.369995,144.509995,145.759995,130.391373,5238100
13/09/2017,145.350006,146.289993,145.339996,145.990005,130.597168,4101000
14/09/2017,145.860001,146.380005,145.509995,145.539993,130.194595,3756900
15/09/2017,144.820007,145.169998,144.080002,144.820007,129.550522,7397200
18/09/2017,144.809998,145.479996,144.270004,144.550003,129.30896,3019500
19/09/2017,144.789993,144.979996,144.220001,144.389999,129.165848,3464400
20/09/2017,144.929993,145.880005,144.419998,145.880005,130.498749,5447500
21/09/2017,145.649994,145.889999,145.100006,145.259995,129.944153,2555600
22/09/2017,145.589996,145.589996,144.589996,145.130005,129.827835,2792300
25/09/2017,145.119995,146.029999,144.910004,145.869995,130.489777,5213100
26/09/2017,146.360001,147.419998,145.940002,146.559998,131.107056,4488600
27/09/2017,146.679993,146.899994,145.029999,145.660004,130.301956,3502700
28/09/2017,145.660004,145.860001,144.210007,145.660004,130.301956,2774800
29/09/2017,145.449997,145.690002,144.919998,145.080002,129.783112,2654700
02/10/2017,145.350006,146.869995,145.210007,146.660004,131.196518,2973200
03/10/2017,146.690002,147.199997,146.339996,146.779999,131.303848,2302700
04/10/2017,147,147.020004,146.110001,146.479996,131.035507,2244400
05/10/2017,146.679993,147.539993,146.479996,146.720001,131.250183,2686500
06/10/2017,146.639999,146.850006,146.320007,146.479996,131.035507,2623200
09/10/2017,146.5,147.789993,146.350006,147.389999,131.849533,2682600
10/10/2017,147.710007,148.949997,147.649994,148.5,132.842514,4032600
11/10/2017,148.399994,148.470001,147.279999,147.619995,132.055298,3702200
12/10/2017,147.559998,147.889999,146.770004,147.029999,131.527496,3264300
13/10/2017,147.479996,147.850006,146.940002,147.100006,131.590118,2506600
16/10/2017,147.220001,147.669998,146.509995,146.830002,131.348572,3052100
17/10/2017,146.630005,147.119995,146.179993,146.539993,131.089172,6372400
18/10/2017,157.119995,161.229996,156.949997,159.529999,142.709518,30490200
19/10/2017,159.800003,160.960007,159.089996,160.899994,143.935074,9914200
20/10/2017,161.070007,162.479996,159.770004,162.070007,144.981705,7868800
23/10/2017,162.050003,162.509995,159.539993,159.550003,142.727432,5779400
24/10/2017,159.649994,159.699997,155.169998,155.880005,139.444382,8194700
25/10/2017,156.009995,156.369995,153.059998,153.5,137.315308,6921100
26/10/2017,154.309998,155.119995,153.539993,153.600006,137.404785,4300500
27/10/2017,154.539993,154.630005,152.910004,153.679993,137.476318,4895200
30/10/2017,153.759995,154.589996,152.710007,154.360001,138.084641,4210400
31/10/2017,154.330002,154.929993,152.929993,154.059998,137.816269,4328300
01/11/2017,154.100006,154.899994,153.830002,154.029999,137.789444,3240200
02/11/2017,154.179993,154.490005,152.910004,153.350006,137.181137,3397600
03/11/2017,153.419998,153.470001,151.490005,151.580002,135.597748,4431800
06/11/2017,151.770004,151.820007,150.279999,150.839996,134.93576,4498400
07/11/2017,151.369995,151.509995,150.5,151.350006,135.391983,3701100
08/11/2017,151.600006,151.789993,150.279999,151.570007,135.588791,4634400
09/11/2017,149.929993,151.800003,149.860001,150.300003,135.796616,4776500
10/11/2017,150.649994,150.889999,149.139999,149.160004,134.766617,4307300
13/11/2017,148.880005,149,147.919998,148.399994,134.079941,5107500
14/11/2017,147.949997,148.970001,147.490005,148.889999,134.52269,3758000
15/11/2017,148,148.710007,146.210007,147.100006,132.905411,4773300
16/11/2017,147.729996,149.649994,147.5,149.119995,134.730469,5446500
17/11/2017,149.339996,150.149994,148.830002,148.970001,134.59494,4916500
20/11/2017,150.639999,151.949997,149.899994,150.509995,135.986343,5676500
21/11/2017,151.300003,152.449997,151.199997,151.949997,137.287369,3756200
22/11/2017,152,152.389999,151.330002,151.770004,137.124756,3213600
24/11/2017,151.949997,152.199997,151.330002,151.839996,137.187988,1193000
27/11/2017,152.059998,152.490005,151.619995,151.979996,137.314484,3374000
28/11/2017,152.350006,152.929993,151.699997,152.470001,137.757217,3973700
29/11/2017,152.809998,153.610001,152.169998,153.550003,138.732986,5098700
30/11/2017,153.649994,154.410004,153.080002,153.970001,139.112457,6500800
01/12/2017,154.399994,155.020004,152.910004,154.759995,139.826233,5567900
04/12/2017,155.960007,156.800003,155.070007,156.460007,141.362228,4664300
05/12/2017,156.449997,156.740005,154.679993,155.350006,140.359314,5068000
06/12/2017,154.100006,156.220001,154.089996,154.100006,139.229919,3410700
07/12/2017,153.589996,154.449997,153.259995,153.570007,138.751083,3771100
08/12/2017,154.979996,155.029999,153.550003,154.809998,139.871399,3520300
11/12/2017,155.460007,155.889999,154.570007,155.410004,140.413498,4102700
12/12/2017,157.300003,157.850006,155.160004,156.740005,141.615173,6321800
13/12/2017,156.600006,156.729996,153.889999,153.910004,139.058258,5661600
14/12/2017,154.600006,155.110001,153.699997,154,139.139587,4637400
15/12/2017,153.610001,153.800003,152.029999,152.5,137.784317,11279900
18/12/2017,153.589996,154.179993,153.210007,153.330002,138.534241,5092800
19/12/2017,154.050003,154.169998,153.089996,153.229996,138.443878,4116400
20/12/2017,153.649994,153.889999,152.779999,152.949997,138.190887,3785700
21/12/2017,153.169998,153.460007,151.490005,151.5,136.880829,4153900
22/12/2017,151.820007,153,151.5,152.5,137.784317,2990600
26/12/2017,152.509995,153.860001,152.5,152.830002,138.082474,2479000
27/12/2017,152.949997,153.179993,152.610001,153.130005,138.353546,2149300
28/12/2017,153.199997,154.119995,153.199997,154.039993,139.17572,2687600
29/12/2017,154.169998,154.720001,153.419998,153.419998,138.61554,3327100
02/01/2018,154.5,154.809998,153.539993,154.25,139.365463,4202500
03/01/2018,157.339996,159.809998,156.330002,158.490005,143.196335,9441600
04/01/2018,159.649994,162.320007,159.369995,161.699997,146.096573,7556200
05/01/2018,162.440002,162.899994,161.100006,162.490005,146.810333,5195800
08/01/2018,162.660004,163.910004,161.699997,163.470001,147.69577,5237500
09/01/2018,163.899994,164.529999,163.059998,163.830002,148.021027,4341800
10/01/2018,162.910004,164.330002,162.5,164.179993,148.33725,4174100
11/01/2018,164.800003,164.940002,163.300003,164.199997,148.355347,3794500
12/01/2018,164.020004,164.740005,163.029999,163.139999,147.397598,5031900
16/01/2018,165.100006,165.289993,163.350006,163.850006,148.039108,7794200
17/01/2018,168.009995,169.130005,167.259995,168.649994,152.3759,11710000
18/01/2018,170,171.130005,168.149994,169.119995,152.800537,14259300
19/01/2018,164.460007,165.399994,161.300003,162.369995,146.701889,21172500
22/01/2018,161.509995,163.979996,161.110001,162.600006,146.909729,8480800
23/01/2018,162.820007,166.259995,162.509995,166.25,150.207504,7466200
24/01/2018,166.75,168.720001,164.820007,165.369995,149.412415,5645000
25/01/2018,165.910004,166.779999,165.190002,165.470001,149.502762,3302500
26/01/2018,166.119995,167.410004,165.789993,167.339996,151.192322,3787900
29/01/2018,167.449997,168.389999,166.009995,166.800003,150.704422,3517000
30/01/2018,166.210007,166.770004,163.160004,163.619995,147.831268,4902300
31/01/2018,163.75,164.990005,162.759995,163.699997,147.903549,4072800
01/02/2018,163.190002,164.130005,161.899994,162.399994,146.729019,4434200
02/02/2018,161.699997,162,158.869995,159.029999,143.684189,5251900
05/02/2018,157.889999,158.5,150,152.529999,137.811432,8746600
06/02/2018,150.289993,155.490005,149.110001,155.339996,140.35025,9867700
07/02/2018,154.169998,155.339996,153.279999,153.850006,139.004059,6149200
08/02/2018,152.479996,153.160004,147.5,147.589996,134.661026,6779100
09/02/2018,148.600006,150.539993,144.399994,149.509995,136.412857,7828300
12/02/2018,150.899994,152.399994,150.300003,151.399994,138.137268,5881400
13/02/2018,150.899994,151.179993,149.639999,150.75,137.54422,4891000
14/02/2018,150.190002,155,150,154.759995,141.202942,5479000
15/02/2018,155.5,156.860001,153.699997,156.009995,142.343445,5623600
16/02/2018,155.710007,157.789993,155.690002,156.179993,142.498535,4282900
20/02/2018,155.789993,155.960007,153.869995,155.160004,141.567886,4489600
21/02/2018,155.429993,156.789993,153.899994,153.960007,140.473022,3728600
22/02/2018,154.5,155.039993,152.789993,153.179993,139.761322,4024600
23/02/2018,154.300003,155.850006,154.070007,155.520004,141.896362,3256100
26/02/2018,155.809998,158.880005,155.509995,158.580002,144.688324,3610300
27/02/2018,158.460007,159.779999,156.529999,156.550003,142.836136,4237300
28/02/2018,157.5,158.139999,155.800003,155.830002,142.179199,3803500
01/03/2018,155.529999,156.970001,152.789993,153.809998,140.336136,4039300
02/03/2018,152.789993,154.759995,151.880005,154.490005,140.956604,3261100
05/03/2018,154.119995,157.490005,153.75,156.949997,143.201065,3670600
06/03/2018,157.279999,157.889999,155.160004,155.720001,142.078827,3685700
07/03/2018,155,158.830002,154.729996,158.320007,144.451111,4607700
08/03/2018,159,159.570007,155.070007,156.210007,142.525925,6455600
09/03/2018,157.470001,159.580002,157.300003,159.309998,145.35434,5022200
12/03/2018,159.639999,161.020004,158.869995,160.259995,146.22113,5063500
13/03/2018,160.089996,162.110001,158.809998,159.320007,145.363464,4185600
14/03/2018,160.169998,160.679993,157.740005,158.119995,144.268616,3631800
15/03/2018,158.710007,161.25,158.520004,159.610001,145.628067,3870600
16/03/2018,160.059998,161.979996,159.639999,160.259995,146.22113,9262700
19/03/2018,159.710007,159.889999,156.449997,157.350006,143.566055,5482000
20/03/2018,157.520004,157.929993,155.289993,156.199997,142.516769,4336700
21/03/2018,156.570007,158.199997,155.919998,156.690002,142.963867,3482200
22/03/2018,155,155.25,152,152.089996,138.766815,4746300
23/03/2018,152.25,152.580002,148.539993,148.889999,135.847153,4440900
26/03/2018,151.210007,153.660004,150.279999,153.369995,139.934692,4103900
27/03/2018,153.949997,154.869995,151.160004,151.910004,138.602585,3883700
28/03/2018,152.070007,153.860001,151.889999,152.520004,139.159164,3664800
29/03/2018,153.070007,153.889999,151.080002,153.429993,139.989441,3420000
02/04/2018,153.339996,153.380005,148.429993,150.070007,136.923782,5150400
03/04/2018,150.800003,151,148.300003,149.850006,136.723068,4135700
04/04/2018,147.889999,154.470001,147.449997,154.119995,140.619003,4805300
05/04/2018,154.440002,154.919998,153.339996,154.029999,140.53688,3185400
06/04/2018,153.460007,153.949997,149.539993,150.570007,137.380005,3672900
09/04/2018,151.800003,154.660004,151.740005,152.690002,139.31427,4413200
10/04/2018,155.029999,156.600006,154.75,155.389999,141.777756,3806400
11/04/2018,154.369995,155.779999,153.880005,155.360001,141.750366,3306500
12/04/2018,156.75,158.979996,156.669998,158.070007,144.222992,5639400
13/04/2018,158.669998,159.220001,155.910004,156.710007,142.982132,4057100
16/04/2018,157.990005,159.139999,157.669998,157.889999,144.058762,4186800
17/04/2018,158.820007,162,158.509995,160.910004,146.814209,10207500
18/04/2018,152.139999,152.630005,148.259995,148.789993,135.755905,20381700
19/04/2018,149.190002,149.210007,146.619995,147.699997,134.761398,8086100
20/04/2018,147.899994,147.970001,144.509995,144.899994,132.20668,8265600
23/04/2018,145.029999,145.960007,144.330002,145.860001,133.082581,5315600
24/04/2018,146.509995,147.300003,144.529999,145.559998,132.808868,4916500
25/04/2018,145.789993,146.399994,144.110001,145.940002,133.155594,7326400
26/04/2018,146.600006,147.360001,146.199997,146.720001,133.867218,4265800
27/04/2018,146.839996,147.25,145.660004,146.479996,133.648285,3205500
30/04/2018,146.860001,147.380005,144.960007,144.960007,132.261429,4415500
01/05/2018,144.649994,145.020004,143.470001,145,132.297913,4433400
02/05/2018,144.460007,144.820007,142.070007,142.449997,129.971313,5194900
03/05/2018,142.130005,142.229996,139.899994,141.990005,129.551605,5018600
04/05/2018,141.100006,144.350006,140.279999,143.910004,131.303375,4402200
07/05/2018,144,144.320007,142.639999,143.220001,130.673828,3657000
08/05/2018,143,143.509995,142.059998,143,130.473129,5369100
09/05/2018,141.899994,143.020004,141.279999,142.610001,131.561707,4196000
10/05/2018,143.149994,144.330002,143.009995,144.240005,133.065414,3726600
11/05/2018,144.110001,144.850006,143.580002,144.139999,132.97316,3073200
14/05/2018,144.470001,145.119995,144.139999,144.300003,133.120773,3216100
15/05/2018,143.5,143.990005,142.919998,143.740005,132.604172,4089400
16/05/2018,143.699997,145.029999,143.270004,144.630005,133.425217,3168700
17/05/2018,144.5,145.190002,143.770004,144.5,133.305267,3147700
18/05/2018,144.470001,144.940002,143.990005,144.080002,132.917816,2682200
21/05/2018,144.949997,146.039993,144.679993,145.490005,134.218597,2894700
22/05/2018,145.520004,146.199997,145,145.089996,133.849564,2284000
23/05/2018,144.350006,144.699997,143.479996,144.669998,133.462112,3459700
24/05/2018,144.389999,144.479996,142.949997,144.070007,132.9086,3398700
25/05/2018,143.899994,144.570007,143.460007,143.639999,132.511902,4914300
29/05/2018,142.529999,142.889999,140.210007,141.220001,130.279388,4537600
30/05/2018,141.899994,143.100006,141.820007,142.619995,131.570923,5118500
31/05/2018,142.809998,142.809998,141.050003,141.309998,130.362411,6830300
01/06/2018,142.429993,142.839996,141.619995,141.949997,130.95282,3857500
04/06/2018,142.300003,143.169998,142.179993,143.039993,131.958374,3035300
05/06/2018,143.050003,144.080002,143.039993,143.699997,132.56723,2836000
06/06/2018,144.339996,144.720001,143.539993,144.710007,133.499008,3220100
07/06/2018,145,146.699997,144.929993,145.360001,134.098663,4316500
08/06/2018,145,146.429993,144.369995,146.139999,134.818222,5210500
11/06/2018,146.619995,147.410004,146.139999,146.580002,135.224152,3260000
12/06/2018,147.100006,147.520004,146.619995,146.869995,135.491638,2640500
13/06/2018,146.789993,147.470001,146.199997,146.350006,135.011963,2968200
14/06/2018,146.649994,146.979996,145.089996,145.199997,133.951035,3326300
15/06/2018,144.899994,145.470001,143.699997,145.389999,134.126312,9116000
18/06/2018,144.179993,144.520004,143.139999,144.479996,133.286819,4286400
19/06/2018,143.119995,144.220001,142.949997,143.899994,132.751755,3487000
20/06/2018,144.220001,144.520004,142.410004,142.630005,131.580154,3329900
21/06/2018,142.589996,143.139999,140.830002,141.25,130.307037,3887700
22/06/2018,141.639999,141.809998,140.779999,141.279999,130.334732,5611300
25/06/2018,140.399994,140.399994,138.279999,138.789993,128.037643,8937100
26/06/2018,139.360001,139.850006,138.330002,139.080002,128.305145,4139500
27/06/2018,139.110001,139.779999,137.449997,137.479996,126.829117,4101800
28/06/2018,138.100006,140.539993,137.949997,140.039993,129.190765,4523700
29/06/2018,140.320007,141.360001,139.610001,139.699997,128.877151,3710100
02/07/2018,138.279999,140.220001,138.199997,139.860001,129.02475,3405400
03/07/2018,140.649994,140.940002,139.369995,139.570007,128.757202,1963200
05/07/2018,140.479996,141.429993,139.929993,141.429993,130.473114,3744700
06/07/2018,141.529999,142.940002,141.169998,142.479996,131.441772,2849000
09/07/2018,142.589996,144.720001,142.470001,144.389999,133.203812,3904700
10/07/2018,144.509995,145.589996,144.259995,144.710007,133.499008,3777000
11/07/2018,144,146.190002,144,144.940002,133.711182,3526600
12/07/2018,145.850006,146.830002,145.740005,146.449997,135.104202,3119500
13/07/2018,146.449997,146.979996,145.800003,145.899994,134.596802,3062600
16/07/2018,145.669998,145.789993,144.210007,145.460007,134.190903,3468800
17/07/2018,144.75,145,143.339996,143.490005,132.373505,5096700
18/07/2018,143.509995,144.800003,142.740005,144.520004,133.32373,6935300
19/07/2018,147.850006,150.539993,147.25,149.240005,137.67807,14655800
20/07/2018,148.580002,148.860001,146.259995,146.350006,135.011963,6414600
23/07/2018,146.350006,146.699997,145.009995,145.699997,134.412292,3897900
24/07/2018,146.699997,147.039993,145.919998,146.380005,135.039612,3891600
25/07/2018,146.009995,146.649994,145.5,146.619995,135.261017,3630900
26/07/2018,147.429993,149.270004,146.630005,146.710007,135.34407,4778000
27/07/2018,146.889999,147.139999,144.660004,145.149994,133.904907,3749300
30/07/2018,144.800003,146.240005,144.690002,145.490005,134.218597,3608200
31/07/2018,145.740005,145.800003,144.160004,144.929993,133.701981,5474200
01/08/2018,144.759995,145.190002,143.339996,143.5,132.382751,3388400
02/08/2018,142.860001,143.360001,142.330002,142.960007,131.884583,3841400
03/08/2018,143.240005,147.919998,143,147.699997,136.25737,8053600
06/08/2018,146.949997,147.199997,145.570007,146.029999,134.716736,3913700
07/08/2018,146.649994,147.639999,146.350006,147.009995,135.620819,3508800
08/08/2018,147.330002,147.429993,146.240005,146.889999,135.510132,3581100
09/08/2018,145.529999,145.940002,144.729996,144.770004,134.997269,3093500
10/08/2018,144.5,145.070007,143.880005,144.479996,134.726822,3003100
13/08/2018,144.149994,144.300003,142.529999,142.710007,133.076309,2858500
14/08/2018,143,143.820007,142.929993,143.360001,133.682419,2860000
15/08/2018,142.550003,144,142,143.910004,134.195282,4241500
16/08/2018,144.369995,145.679993,144.369995,145.339996,135.528763,5250700
17/08/2018,144.789993,146.389999,144.690002,146.059998,136.20018,2678600
20/08/2018,146.369995,147.160004,146.149994,146.509995,136.619781,2499700
21/08/2018,147,147.119995,145.889999,145.970001,136.116241,3106900
22/08/2018,146.009995,146.160004,145.190002,145.240005,135.435532,2389000
23/08/2018,145.039993,145.520004,144.75,145.369995,135.556732,2220400
24/08/2018,145.460007,146.089996,144.869995,146.039993,136.181503,2776600
27/08/2018,146.940002,147.619995,146.520004,146.690002,136.787628,3491600
28/08/2018,146.949997,146.990005,146.190002,146.589996,136.694382,2455300
29/08/2018,146.869995,147.929993,146.600006,147.539993,137.580231,3153800
30/08/2018,147.029999,147.300003,145.25,145.929993,136.078949,3340400
31/08/2018,145.720001,146.779999,145.539993,146.479996,136.591797,3488500
04/09/2018,145.979996,146.190002,144.809998,145.679993,135.845795,3326200
05/09/2018,145.190002,146.75,145.050003,146.660004,136.759659,3126500
06/09/2018,146.880005,147.660004,145.539993,146.389999,136.507889,4248800
07/09/2018,145.940002,146.5,145.119995,145.449997,135.631348,4693100
10/09/2018,146.600006,147.300003,145.559998,145.649994,135.817841,3618300
11/09/2018,146,146.990005,145.25,146.490005,136.60112,3374700
12/09/2018,146.369995,147.979996,146.029999,146.570007,136.675751,4506700
13/09/2018,147.350006,149,147.119995,148.949997,138.895065,5346500
14/09/2018,148.850006,149.300003,147.779999,148.330002,138.31691,3452100
17/09/2018,148.440002,149.070007,147.770004,147.940002,137.953247,3551900
18/09/2018,147.759995,148.990005,147.470001,148.559998,138.531418,3629400
19/09/2018,148.630005,149.960007,148.229996,149.059998,138.99765,4246200
20/09/2018,149.580002,151.380005,149.440002,151.149994,140.946564,5952200
21/09/2018,151.479996,152.600006,150.740005,151.350006,141.133072,19947500
24/09/2018,151.100006,151.199997,149.460007,150.029999,139.902161,4265000
25/09/2018,149.910004,150.410004,148.360001,148.910004,138.857803,4397500
26/09/2018,152.399994,153.350006,151.339996,151.610001,141.375504,7401900
27/09/2018,152.009995,152.389999,151.160004,151.5,141.272934,3477600
28/09/2018,151.160004,151.630005,150.789993,151.210007,141.002533,3305800
01/10/2018,151.710007,153.419998,151.710007,153,142.671677,3757400
02/10/2018,152.990005,153.839996,152.5,153.75,143.371048,3029900
03/10/2018,154,154.360001,152.800003,153.220001,142.876801,3315300
04/10/2018,151.690002,152.800003,150.360001,151.309998,141.095749,4237900
05/10/2018,150.899994,151.789993,147.869995,149.029999,138.969666,4602200
08/10/2018,148.5,149.070007,147.179993,148.389999,138.372849,3239300
09/10/2018,148.080002,148.360001,146.929993,147.240005,137.300507,3642400
10/10/2018,147.5,147.690002,142.5,142.690002,133.057648,5547700
11/10/2018,142.619995,144.190002,138.779999,139.020004,129.635391,8710500
12/10/2018,141.119995,141.539993,139.080002,140.850006,131.341858,6563400
15/10/2018,140.380005,142.259995,140.139999,141.130005,131.602982,4965500
16/10/2018,142.929993,145.449997,141.580002,145.119995,135.323608,8695500
17/10/2018,135.889999,137.149994,133.419998,134.050003,125.0009,19464000
18/10/2018,132.729996,133.399994,130.039993,130.550003,121.737167,10011700
19/10/2018,130.649994,131.889999,127.959999,129.100006,120.385063,7791600
22/10/2018,129.580002,130.440002,128.399994,130.020004,121.24295,5719500
23/10/2018,129.020004,131.899994,128.410004,131.210007,122.352631,6463600
24/10/2018,131.169998,131.690002,127,127.209999,118.622635,5710300
25/10/2018,127.25,127.790001,125.139999,126.449997,117.913948,10304300
26/10/2018,125.209999,125.779999,123.709999,124.790001,116.365997,8767000
29/10/2018,119.339996,123.949997,118.300003,119.639999,111.563652,20450400
30/10/2018,120.480003,121.5,115.150002,115.400002,107.609879,21458600
31/10/2018,116.489998,116.5,114.089996,115.43,107.637856,21645000
01/11/2018,115.5,117,115.110001,116.830002,108.943344,13626700
02/11/2018,117.510002,117.75,114.540001,115.669998,107.861641,10592700
05/11/2018,116.099998,120.769997,116,120.059998,111.955292,9144600
06/11/2018,120.699997,123.809998,120.309998,123.120003,114.808739,9597400
07/11/2018,123.790001,125.059998,122.330002,124.839996,116.412621,12382700
08/11/2018,122.660004,124.400002,122.629997,123.379997,116.516502,10396400
09/11/2018,123.610001,124.57,121.959999,123.540001,116.667603,6961800
12/11/2018,123.5,123.57,120.650002,120.900002,114.174469,5379100
13/11/2018,121.190002,122.25,119.900002,120.839996,114.11779,4084400
14/11/2018,121.110001,121.93,119.769997,120.199997,113.513405,4762300
15/11/2018,119.660004,121.440002,119.510002,121.440002,114.684433,5207900
16/11/2018,120.889999,121.849998,120.540001,121.57,114.807198,4076300
19/11/2018,121.629997,122.18,119.769997,120.309998,113.617287,4131200
20/11/2018,118.489998,119.489998,116.699997,117.199997,110.68029,6233800
21/11/2018,117.610001,119.510002,117.389999,118.57,111.974083,5335800
23/11/2018,118.089996,118.339996,116.910004,117.190002,110.670853,2334700
26/11/2018,118.370003,120.25,118.059998,119.559998,112.909004,5011100
27/11/2018,118.379997,120.040001,118.370003,120.029999,113.352859,4903800
28/11/2018,121.010002,123.089996,120.220001,123,116.157646,5104500
29/11/2018,122.440002,123.120003,121.400002,121.480003,114.722198,5200100
30/11/2018,121.660004,124.690002,121.480003,124.269997,117.356995,7251600
03/12/2018,125.669998,126.589996,124.360001,125.309998,118.339149,5846400
04/12/2018,124.489998,124.919998,121.330002,121.599998,114.835526,6000700
06/12/2018,119.720001,123.910004,119.300003,123.910004,117.017029,6938000
07/12/2018,123.900002,124.050003,118.870003,119.339996,112.701248,7019600
10/12/2018,119.739998,121.68,118.519997,121.129997,114.391663,6549500
11/12/2018,123.25,123.809998,120,120.889999,114.165016,5043100
12/12/2018,122.510002,122.879997,121,121.160004,114.420006,3560500
13/12/2018,121.260002,121.790001,120.169998,120.730003,114.013931,3993600
14/12/2018,119.5,121.110001,119.440002,119.900002,113.230095,4554200
17/12/2018,119.07,119.779999,115.07,116.099998,109.641479,7374500
18/12/2018,116.900002,118.230003,116.019997,116.650002,110.160889,6290200
19/12/2018,117.150002,120.269997,115.970001,116.43,109.953133,6979800
20/12/2018,115.699997,116.449997,111.699997,113.019997,106.732811,8454400
21/12/2018,112.5,115.279999,110.440002,110.940002,104.768532,10386500
24/12/2018,109.900002,111,107.5,107.57,101.585991,3821400
26/12/2018,108,111.389999,105.940002,111.389999,105.193497,6645800
27/12/2018,109.989998,113.779999,109.470001,113.779999,107.450539,6045600
28/12/2018,114.220001,114.800003,112.5,113.029999,106.742264,5117500
31/12/2018,113.330002,114.349998,112.419998,113.669998,107.346657,4982800
02/01/2019,112.010002,115.980003,111.690002,115.209999,108.800987,4239900
03/01/2019,114.529999,114.879997,112.690002,112.910004,106.628937,4346700
04/01/2019,114.910004,117.489998,114.440002,117.32,110.793617,4477800
07/01/2019,117.5,118.830002,116.669998,118.150002,111.577446,3751200
08/01/2019,119.660004,120.57,118.980003,119.830002,113.163979,4763600
09/01/2019,120.910004,121.400002,119.870003,120.690002,113.976151,3633700
10/01/2019,120.080002,121.860001,119.949997,121.790001,115.014954,3910000
11/01/2019,121.580002,121.620003,120.199997,121.459999,114.703316,3722400
14/01/2019,120.510002,120.650002,119.760002,120.389999,113.692841,5228700
15/01/2019,120.959999,121.93,120.82,121.730003,114.958298,3507500
16/01/2019,121.580002,122,120.830002,121.620003,114.854416,3841100
17/01/2019,120.559998,122.410004,120.550003,122.190002,115.392708,5029900
18/01/2019,123.269997,124.720001,122.709999,123.82,116.93203,6008500
22/01/2019,123.300003,123.800003,121.540001,122.519997,115.704338,10052400
23/01/2019,131.369995,135,130.309998,132.889999,125.497467,22063700
24/01/2019,132.630005,133.210007,131.429993,132.529999,125.157501,6322900
25/01/2019,132.869995,134.440002,132.429993,133.970001,126.517395,5707400
28/01/2019,133.100006,134.809998,132.580002,134.270004,126.80072,5357700
29/01/2019,134.289993,135.410004,133.600006,134.330002,126.857368,5037100
30/01/2019,134,135.029999,133.25,134.380005,126.904587,4500900
31/01/2019,134.449997,134.720001,133.740005,134.419998,126.94236,4884000
01/02/2019,134.970001,135.199997,133.350006,134.100006,126.640167,3806000
04/02/2019,134.020004,135.199997,132.990005,135.190002,127.66951,3966600
05/02/2019,135.279999,135.820007,134.919998,135.550003,128.009506,5398900
06/02/2019,135.220001,136.649994,135.169998,136.320007,128.736679,4879700
07/02/2019,133.550003,134.470001,132.119995,133.190002,127.246292,4379400
08/02/2019,132.339996,133.710007,132.190002,133.710007,127.743095,3249800
11/02/2019,134.289993,135.149994,133.910004,133.990005,128.01059,3095100
12/02/2019,135.149994,136.199997,134.860001,136.050003,129.978668,3317200
13/02/2019,136.919998,137.919998,136.410004,137.520004,131.383072,4253000
14/02/2019,137.169998,137.600006,136.210007,136.479996,130.389465,2789400
15/02/2019,137.580002,138.190002,137.389999,138.029999,131.8703,3844100
19/02/2019,137.809998,138.699997,137.360001,138.699997,132.510391,3385700
20/02/2019,138.759995,139.240005,137.220001,138,131.841644,3802000
21/02/2019,137.820007,138.350006,137.350006,137.839996,131.688797,2937300
22/02/2019,138.729996,139.380005,138.429993,139.25,133.035858,3113700
25/02/2019,140,140.470001,139.320007,139.460007,133.236481,3194200
26/02/2019,139.669998,140.490005,139.470001,139.720001,133.484879,3060400
27/02/2019,139.25,139.570007,138.399994,139.169998,132.959427,2530900
28/02/2019,138.770004,139.059998,137.720001,138.130005,131.965851,3457800
01/03/2019,139.309998,140.039993,138.639999,139.199997,132.988068,3030000
04/03/2019,139.990005,140.080002,137.169998,138.429993,132.252441,3406900
05/03/2019,138.369995,138.740005,137.559998,137.880005,131.72699,4250300
06/03/2019,138.119995,138.389999,136.720001,136.979996,130.867142,2768300
07/03/2019,136.610001,136.889999,134.630005,135.360001,129.319458,4358800
08/03/2019,134.210007,135.240005,133.580002,135.089996,129.061493,3773600
11/03/2019,136.029999,137.729996,135.839996,137.710007,131.56459,3939300
12/03/2019,138.520004,139.699997,137.860001,138.279999,132.109131,3954700
13/03/2019,138.050003,139.320007,137.850006,138.559998,132.376633,3173200
14/03/2019,138.509995,138.940002,138.059998,138.789993,132.596375,2738600
15/03/2019,139.369995,140.330002,139.229996,139.429993,133.207825,7153700
18/03/2019,139.830002,140.369995,138.720001,140.210007,133.953018,3268500
19/03/2019,140.960007,141.699997,140,140.490005,134.220535,3482300
20/03/2019,140.529999,140.699997,138.979996,139.600006,133.370239,3649500
21/03/2019,139.100006,142.119995,138.880005,141.440002,135.128128,3605400
22/03/2019,140.970001,141.440002,138.899994,139.449997,133.226929,3877200
25/03/2019,139.059998,139.910004,138.350006,139.179993,132.968979,2839800
26/03/2019,139.929993,141.020004,139.419998,140.220001,133.96257,2553700
27/03/2019,140.410004,140.490005,138.399994,139.240005,133.026306,3098200
28/03/2019,139.910004,140.440002,139.100006,139.919998,133.675964,2663900
29/03/2019,140.5,141.220001,140.149994,141.100006,134.803314,3101400
01/04/2019,141.509995,143.410004,141.509995,143.300003,136.905136,3984300
02/04/2019,143.350006,143.949997,142.600006,143,136.618515,2404800
03/04/2019,143.649994,144.220001,143.009995,143.630005,137.220383,2681200
04/04/2019,143.619995,144.139999,142.539993,142.779999,136.408325,2771100
05/04/2019,143.289993,143.5,142.460007,143.279999,136.886017,2731800
08/04/2019,143.020004,143.419998,142.869995,143.389999,136.991104,2118200
09/04/2019,142.660004,142.949997,141.839996,142.110001,135.768219,3038500
10/04/2019,142.199997,143.5,141.979996,143.020004,136.637619,2678000
11/04/2019,143.800003,144.110001,143.029999,143.779999,137.363693,2942000
12/04/2019,144.259995,144.440002,143.699997,144.350006,137.908264,2898900
15/04/2019,144.399994,144.460007,143.270004,143.899994,137.478348,3603200
16/04/2019,144.399994,145.389999,144.020004,145.139999,138.663025,6301700
17/04/2019,137.369995,141.979996,136.259995,139.110001,132.902115,12525700
18/04/2019,139,140.490005,138.699997,140.330002,134.067657,4960000
22/04/2019,139.419998,140.559998,138.479996,138.889999,132.691925,4494000
23/04/2019,139.149994,140.919998,138.940002,140.440002,134.172745,4462200
24/04/2019,140.600006,141.309998,139.779999,139.949997,133.704605,2774900
25/04/2019,139.699997,139.75,137.710007,138.630005,132.443527,2910100
26/04/2019,139.339996,139.889999,138.809998,139.440002,133.217377,2319800
29/04/2019,139.149994,139.630005,138.809998,139.050003,132.844788,2958300
30/04/2019,139.110001,140.440002,138.679993,140.270004,134.010345,4638800
01/05/2019,140.550003,141.809998,140.169998,140.559998,134.287384,3053700
02/05/2019,140.5,141.279999,139.410004,139.589996,133.360687,3541400
03/05/2019,139.699997,141,139.630005,140.25,133.991241,2579900
06/05/2019,138.300003,140.690002,137.899994,140.380005,134.115433,2793300
07/05/2019,139.149994,139.509995,136.190002,137.639999,131.497711,4726800
08/05/2019,137.770004,138.699997,137.130005,138,131.841644,3818900
09/05/2019,134.889999,135.580002,133.029999,135.339996,130.836243,4192700
10/05/2019,134.880005,135.75,132.419998,135.320007,130.816925,3977600
13/05/2019,133.279999,133.570007,130.960007,131.419998,127.046692,4958000
14/05/2019,131.820007,134.320007,131.679993,133.309998,128.873795,3280400
15/05/2019,132.589996,134.589996,132.369995,134.399994,129.927521,2551000
16/05/2019,134.740005,136.110001,134.639999,135.880005,131.358276,3017300
17/05/2019,134.679993,135.410004,133.940002,134.320007,129.850204,2619100
20/05/2019,133.529999,135.429993,132.929993,135.119995,130.623566,3264500
21/05/2019,136.119995,137.059998,135.789993,136.449997,131.909302,2503500
22/05/2019,136,136.75,135.710007,136.350006,131.812653,1849800
23/05/2019,135.130005,135.130005,130.440002,132.389999,127.984406,5343400
24/05/2019,133.529999,134.25,131.589996,132.279999,127.878067,2596100
28/05/2019,132.130005,132.639999,130.270004,130.460007,126.118652,4908800
29/05/2019,130,130.279999,128.320007,129.690002,125.374268,3679000
30/05/2019,129.740005,129.970001,128.929993,129.570007,125.258255,2741900
31/05/2019,128.440002,128.440002,126.849998,126.989998,122.764107,3539300
03/06/2019,127.099998,128.559998,127.059998,128.270004,124.001518,4266900
04/06/2019,129.559998,132.740005,129.089996,132.690002,128.274445,3913500
05/06/2019,133.380005,133.610001,130.470001,131.490005,127.11438,3161300
06/06/2019,132.190002,132.649994,130.899994,132.220001,127.820068,2298200
07/06/2019,132.470001,134.720001,132.210007,133.309998,128.873795,2553400
10/06/2019,134.380005,135.350006,133.910004,134.740005,130.25621,2911300
11/06/2019,135.320007,136.460007,135.050003,135.949997,131.425949,3407300
12/06/2019,135.559998,135.940002,134.410004,134.869995,130.381882,2254700
13/06/2019,135.130005,136.270004,135.089996,135.759995,131.242264,2955300
14/06/2019,135.440002,135.880005,134.429993,135.149994,130.652573,2193300
17/06/2019,135.389999,136.029999,134.699997,134.949997,130.459229,2194100
18/06/2019,135.199997,137.190002,135.199997,136.380005,131.841644,2914700
19/06/2019,136.429993,138.360001,136.240005,137.080002,132.518341,2382400
20/06/2019,138.929993,139.539993,138.199997,138.850006,134.229446,3071000
21/06/2019,138.440002,139.539993,138.389999,139.199997,134.56778,5288700
24/06/2019,139.199997,140.149994,139.050003,139.350006,134.712814,2186000
25/06/2019,139.460007,139.550003,138.130005,138.360001,133.755737,2801200
26/06/2019,138.869995,139.679993,138.410004,138.520004,133.910431,2284600
27/06/2019,138.720001,139.300003,137.949997,138.520004,133.910431,2149800
28/06/2019,138.570007,139.139999,137.839996,137.899994,133.31105,6153900
01/07/2019,139.600006,141.490005,139.279999,139.880005,135.225174,3377700
02/07/2019,139.75,140.429993,139.470001,140.220001,135.553848,2409700
03/07/2019,140.720001,141.820007,140.429993,141.539993,136.829926,1930400
05/07/2019,140.869995,141.490005,139.910004,141.380005,136.675262,2134700
08/07/2019,141.050003,141.289993,140.270004,140.570007,135.892212,2395300
09/07/2019,140.610001,140.990005,139.130005,139.330002,134.693466,3365200
10/07/2019,140,141.910004,139.789993,140.470001,135.795532,2513900
11/07/2019,140.789993,141.580002,140.300003,141.240005,136.539932,2132900
12/07/2019,141.919998,142.919998,141.660004,142.740005,137.990005,2786200
15/07/2019,142.889999,143.509995,142.119995,143.320007,138.550705,2368300
16/07/2019,143.169998,144.039993,143.020004,143.529999,138.753708,3474700
17/07/2019,143.610001,143.800003,141.949997,143.070007,138.309021,6064300
18/07/2019,142.5,150.309998,142.199997,149.630005,144.650711,12695400
19/07/2019,149.960007,151.580002,149.550003,149.679993,144.699036,7290700
22/07/2019,150.160004,151.940002,149.699997,149.740005,144.75705,4092600
23/07/2019,150.570007,150.720001,148.380005,150.380005,145.375778,3742200
24/07/2019,150.119995,151.449997,149.199997,150.029999,145.037399,2952400
25/07/2019,149.820007,150.619995,148.610001,150.389999,145.385422,3102100
26/07/2019,151,151.410004,150.100006,151.360001,146.323151,2904300
29/07/2019,151.110001,151.479996,150.320007,150.880005,145.859116,2075500
30/07/2019,150,150.399994,149.220001,149.770004,144.786057,2632700
31/07/2019,149.699997,150.179993,146.389999,148.240005,143.306976,3722900
01/08/2019,148.899994,152.820007,148.5,150.320007,145.317749,6344000
02/08/2019,149.029999,152.949997,145.589996,147.25,142.349915,8101700
05/08/2019,144.979996,145.100006,139.149994,140.759995,136.075882,7114900
06/08/2019,142.029999,142.470001,139.309998,140.729996,136.046875,5070700
07/08/2019,138.740005,139.580002,136.410004,139.110001,134.480789,5931900
08/08/2019,138.449997,140.419998,137.759995,140.100006,137.033676,5261100
09/08/2019,139.270004,139.309998,135.350006,136.130005,133.150558,5244600
12/08/2019,135.660004,135.869995,133.179993,134.119995,131.18454,3895600
13/08/2019,133.800003,136.570007,132.809998,135.789993,132.817993,4522100
14/08/2019,133.910004,134.160004,130.979996,131.25,128.377365,5114200
15/08/2019,131.220001,132.369995,130.25,131.919998,129.0327,3738900
16/08/2019,133.039993,134.589996,132.949997,133.759995,130.832413,3012000
19/08/2019,134.880005,136.330002,134.880005,135.039993,132.084412,3165100
20/08/2019,135.240005,135.279999,132.809998,133,130.08905,3018600
21/08/2019,134.960007,135.940002,133.800003,134.25,131.311691,2805700
22/08/2019,134.690002,135.679993,133.809998,134.320007,131.380188,2694900
23/08/2019,133.630005,134.259995,128.830002,129.570007,126.734131,4818400
26/08/2019,131.050003,131.300003,129.160004,129.990005,127.144943,2833900
27/08/2019,131.199997,131.699997,130.309998,131.169998,128.299103,4728000
28/08/2019,130.440002,132.889999,130.039993,132.759995,129.854309,2713600
29/08/2019,134.179993,135.690002,134.039993,134.880005,131.927917,2971800
30/08/2019,135.580002,136.070007,134.360001,135.529999,132.56369,2960600
03/09/2019,134.850006,134.899994,133.330002,134.100006,131.164993,2827900
04/09/2019,135.710007,136.429993,135.149994,136.320007,133.336411,2247900
05/09/2019,138.300003,141.699997,138.050003,140.970001,137.884613,5011600
06/09/2019,141.520004,141.529999,140.460007,140.570007,137.493378,2576800
09/09/2019,140.589996,143.020004,140.460007,142.600006,139.478943,4226600
10/09/2019,143,145.460007,142.960007,145.050003,141.87532,4979700
11/09/2019,144.850006,145.119995,142.710007,143.600006,140.457062,3869700
12/09/2019,144.029999,144.039993,141.880005,143.619995,140.476624,2505400
13/09/2019,144.320007,144.649994,143.259995,143.669998,140.525528,2206600
16/09/2019,142.559998,143.639999,142.270004,142.479996,139.361572,1928500
17/09/2019,142.479996,142.479996,140.660004,142.199997,139.087692,2933200
18/09/2019,142.050003,142.300003,140.509995,142.220001,139.107269,1983600
19/09/2019,142.460007,145.029999,142.449997,142.970001,139.840851,3089900
20/09/2019,143.25,143.830002,141.820007,141.880005,138.774704,5193400
23/09/2019,141.190002,142.220001,140.559998,142.070007,138.960556,1817900
24/09/2019,142.5,142.889999,141.070007,141.679993,138.579071,3231600
25/09/2019,141.740005,143.630005,140.860001,143.160004,140.026688,2526700
26/09/2019,143.169998,143.880005,141.410004,143.550003,140.408157,2309800
27/09/2019,144.410004,145.089996,142.380005,143.240005,140.10495,2356800
30/09/2019,143.729996,146.570007,143.729996,145.419998,142.237228,3988400
01/10/2019,145.589996,147.350006,143.539993,143.660004,140.515747,2960800
02/10/2019,142.190002,142.270004,140.570007,141.690002,138.588852,3340800
03/10/2019,141.619995,142.070007,139.179993,142.020004,138.911652,2928800
04/10/2019,142.059998,143.059998,141.029999,142.990005,139.860413,2413600
07/10/2019,142.259995,142.699997,141.220001,141.279999,138.187836,2426500
08/10/2019,140.240005,140.470001,138.25,138.380005,135.351318,3225400
09/10/2019,139.770004,140.330002,138.789993,139.669998,136.613083,2620800
10/10/2019,139.770004,141.779999,139.559998,141.130005,138.041122,2593700
11/10/2019,142.770004,144.5,142.610001,142.759995,139.635437,2996800
14/10/2019,142.309998,142.429993,141.320007,142.039993,138.931198,2309500
15/10/2019,142.539993,143.720001,141.809998,143,139.870193,3025500
16/10/2019,142.490005,142.949997,141.389999,142.110001,138.999664,5332600
17/10/2019,135,136,132.910004,134.259995,131.321487,15759800
18/10/2019,134.220001,134.490005,132.25,134.089996,131.155212,7177500
21/10/2019,132.610001,133.100006,130.899994,132.580002,129.678253,6306100
22/10/2019,132.550003,134.050003,131.610001,133.960007,131.028061,4161600
23/10/2019,133.520004,134.570007,132.699997,134.380005,131.438858,3610900
24/10/2019,134.830002,135.070007,133.300003,134.070007,131.135651,2598500
25/10/2019,134.119995,135.929993,134.100006,135.440002,132.475662,2579100
28/10/2019,136,136.630005,135.449997,135.970001,132.994049,3225700
29/10/2019,135.419998,135.570007,133.440002,133.820007,130.891113,4160700
30/10/2019,133.830002,135.279999,133.199997,135.25,132.28981,2252700
31/10/2019,135.110001,135.25,133.229996,133.729996,130.803085,3412100
01/11/2019,134.5,135.559998,134.089996,135.529999,132.56369,3089800
04/11/2019,136.240005,137.740005,136.229996,137.669998,134.656845,3335400
05/11/2019,137.800003,138.759995,137.630005,137.889999,134.87204,3015000
06/11/2019,138,138.779999,137.550003,138.779999,135.742554,4477300
07/11/2019,137.869995,139.139999,137.580002,137.690002,136.267075,4073800
08/11/2019,137.580002,137.610001,136.160004,137.610001,136.187897,2278400
11/11/2019,137.199997,137.199997,135,135.470001,134.070023,2568000
12/11/2019,135.869995,136.660004,135.020004,135.589996,134.188782,3046500
13/11/2019,135.389999,135.580002,133.850006,134.479996,133.09024,2918400
14/11/2019,134.130005,134.330002,133.330002,134,132.615204,4231300
15/11/2019,134.389999,135.119995,134.029999,134.399994,133.011078,3262500
18/11/2019,134.300003,134.479996,133.229996,134.309998,132.921997,3210400
19/11/2019,134.880005,135.380005,134.460007,134.520004,133.129837,2995000
20/11/2019,134.059998,134.460007,132.75,133.199997,131.823471,4138200
21/11/2019,133.399994,134.169998,132.979996,133.839996,132.456863,3345300
22/11/2019,134.190002,134.649994,133.589996,134.339996,132.951691,3297500
25/11/2019,134.470001,136,134.350006,135.970001,134.56485,2590100
26/11/2019,136.149994,136.149994,134.770004,135.089996,133.693939,3793200
27/11/2019,135.350006,135.710007,133.619995,133.770004,132.387589,3280900
29/11/2019,133.600006,134.520004,133.029999,134.449997,133.060562,1825300
02/12/2019,134.449997,134.5,132.479996,132.910004,131.536484,3067100
03/12/2019,132,132.440002,130.690002,132.119995,130.754639,3642500
04/12/2019,132.860001,133.679993,131.960007,131.990005,130.625992,3530000
05/12/2019,132.990005,133.240005,131.630005,131.910004,130.546814,3595400
06/12/2019,132.75,133.889999,132.699997,133.220001,131.843277,3437500
09/12/2019,133.350006,134.589996,133.259995,133.919998,132.536041,2968500
10/12/2019,133.919998,134.839996,133.559998,133.910004,132.526138,3480400
11/12/2019,134.110001,134.509995,133.669998,133.759995,132.377686,3953300
12/12/2019,133.699997,135.660004,133.660004,135.320007,133.92157,4824100
13/12/2019,134.75,135.5,134.009995,134.210007,132.823044,2535000
16/12/2019,134.940002,135.449997,133.850006,134.130005,132.743866,3049200
17/12/2019,134.279999,134.690002,133.460007,134.220001,132.832932,2907200
18/12/2019,134.550003,135,134.149994,134.410004,133.020981,3101800
19/12/2019,134.460007,134.729996,134.190002,134.559998,133.169418,3866500
20/12/2019,135.740005,136.419998,134.949997,135.589996,134.188782,7111800
23/12/2019,135.779999,136.149994,135,135.550003,134.1492,2803200
24/12/2019,135.610001,135.619995,134.610001,134.979996,133.585083,1202100
26/12/2019,134.979996,135.309998,134.649994,134.910004,133.515808,2129700
27/12/2019,135,135.75,134.869995,135.270004,133.872086,2752200
30/12/2019,135.199997,135.300003,132.5,132.809998,131.4375,4118900
31/12/2019,132.529999,134.119995,132.399994,134.039993,132.654785,3777500
02/01/2020,135,135.919998,134.770004,135.419998,134.020538,3148600
03/01/2020,133.570007,134.860001,133.559998,134.339996,132.951691,2373700
06/01/2020,133.419998,134.240005,133.199997,134.100006,132.714188,2425500
07/01/2020,133.690002,134.960007,133.399994,134.190002,132.803253,3090800
08/01/2020,134.509995,135.860001,133.919998,135.309998,133.911667,4346000
09/01/2020,135.740005,136.789993,135.309998,136.740005,135.326904,3730600
10/01/2020,137,137.869995,136.309998,136.690002,135.27742,3255400
13/01/2020,135.479996,136.639999,135.070007,136.600006,135.188354,3531000
14/01/2020,136.279999,137.139999,135.550003,135.820007,134.416412,3681000
15/01/2020,136,138.059998,135.710007,136.619995,135.20813,4045900
16/01/2020,137.320007,138.190002,137.009995,137.979996,136.554077,4320900
17/01/2020,136.539993,138.330002,136.160004,138.309998,136.880661,5623300
21/01/2020,137.809998,139.350006,137.600006,139.169998,137.731781,7244100
22/01/2020,143.320007,145.789993,142.550003,143.889999,142.403,16470400
23/01/2020,144.199997,144.410004,142.149994,142.869995,141.393539,5657800
24/01/2020,143.389999,143.919998,140.460007,140.559998,139.107422,5580200
27/01/2020,138.5,140.070007,138.100006,138.619995,137.187454,4166600
28/01/2020,139.5,140.470001,138.75,139.550003,138.107864,3451600
29/01/2020,139.169998,139.580002,137.600006,137.690002,136.267075,3053800
30/01/2020,136.759995,136.970001,134.970001,136.770004,135.356583,5057900
31/01/2020,142.899994,144.050003,140.789993,143.729996,142.244659,18994600
03/02/2020,144.25,147.279999,143.899994,146.270004,144.758408,8887500
04/02/2020,147.779999,149.380005,146.880005,149.110001,147.569061,5621000
05/02/2020,150.210007,157.440002,150.149994,156.330002,154.714447,14386800
06/02/2020,156.820007,158.75,155.419998,156.759995,155.139999,8400500
07/02/2020,154.550003,155.539993,152.919998,153.410004,153.410004,6423400
10/02/2020,152.970001,154.440002,151.580002,154.429993,154.429993,5239800
11/02/2020,155.119995,155.220001,152.729996,153.479996,153.479996,3835100
12/02/2020,153.75,155.600006,153.520004,155.309998,155.309998,4437800
